identifier	Stereo_Count_@	Stereo_Max_Cont_@	Stereo_Max_Cont_@@	Stereo_Is_First_@	Stereo_Is_First_@@	Stereo_Count_/	Stereo_Count_\
Br.CC(=O)c1sc(Nc2ccccn2)nc1C	0	0	0	0	0	0	0
Br.CC(Nc1ncnc2[nH]c(-c3ccc(O)cc3)cc12)c1ccc(C(F)(F)F)cc1	0	0	0	0	0	0	0
Br.CC(Nc1ncnc2[nH]c(-c3ccc(O)cc3)cc12)c1cccc2ccccc12	0	0	0	0	0	0	0
Br.CCCCC/N=c1\nc(-c2ccc(OC)cc2)n(-c2ccccc2)s1	0	0	0	0	0	1	1
Br.CCCCC/N=c1\nc(-c2ccccc2)n(-c2ccccc2)s1	0	0	0	0	0	1	1
Br.CCCCCCCCCCCCN(C)C	0	0	0	0	0	0	0
Br.CCCCCCCCCCc1c(C)c2ccc(N(CC)CCCC(=O)O)cc2oc1=O	0	0	0	0	0	0	0
Br.CCCCCCc1c(C)c2ccc(N(CC)CCCC(=O)O)cc2oc1=O	0	0	0	0	0	0	0
Br.CCOC(=O)C/N=c1\nc(-c2ccc(OC)cc2)n(-c2ccccc2)s1	0	0	0	0	0	1	1
Br.CCOC(=O)C/N=c1\nc(-c2ccccc2)n(-c2ccc(OC)cc2)s1	0	0	0	0	0	1	1
Br.CCOC(=O)C/N=c1\nc(-c2ccccc2)n(-c2ccc([N+](=O)[O-])cc2)s1	0	0	0	0	0	1	1
Br.CCOC(=O)C/N=c1\nc(-c2ccccc2)n(-c2ccccc2)s1	0	0	0	0	0	1	1
Br.CC[C@@H](Nc1ncnc2[nH]c(-c3ccc(O)cc3)cc12)c1ccccc1	2	0	1	0	1	0	0
Br.COc1cc(OC)cc(N(CCP(=O)(O)O)c2ccc3ncc(-c4cnn(C)c4)nc3c2)c1	0	0	0	0	0	0	0
Br.COc1ccc(-c2n/c(=N\CCO)sn2-c2ccccc2)cc1	0	0	0	0	0	1	1
Br.COc1ccc(-c2n/c(=N\Cc3cccnc3)sn2-c2ccccc2)cc1	0	0	0	0	0	1	1
Br.COc1ccc(-c2n/c(=N\c3ccccc3)sn2-c2ccccc2)cc1	0	0	0	0	0	1	1
Br.COc1ccc(-n2s/c(=N/CCO)nc2-c2ccccc2)cc1	0	0	0	0	0	2	0
Br.COc1ccc(-n2s/c(=N/Cc3cccnc3)nc2-c2ccccc2)cc1	0	0	0	0	0	2	0
Br.COc1ccc(NC2=N[C@@H](CCN)CN2)cc1	2	0	1	0	1	0	0
Br.COc1ccc2cc(C3(O)CN(C)C4CCCCC4O3)ccc2c1	0	0	0	0	0	0	0
Br.C[C@@H](Nc1ncnc2[nH]c(-c3ccc(O)cc3)cc12)c1ccc(Br)cc1	2	0	1	0	1	0	0
Br.C[C@@H](Nc1ncnc2[nH]c(-c3ccc(O)cc3)cc12)c1ccccc1	2	0	1	0	1	0	0
Br.C[C@@H](Nc1ncnc2[nH]c(-c3ccc(O)cc3)cc12)c1ccccc1F	2	0	1	0	1	0	0
Br.Cc1ccc(=N)n(Cc2cccc(F)c2)c1	0	0	0	0	0	0	0
Br.Cc1ccc([C@@H](C)Nc2ncnc3[nH]c(-c4ccc(O)cc4)cc23)cc1	2	0	1	0	1	0	0
Br.Cc1cccc(C(C)Nc2ncnc3[nH]c(-c4ccc(O)cc4)cc23)c1	0	0	0	0	0	0	0
Br.Cc1ccccc1C(C)Nc1ncnc2[nH]c(-c3ccc(O)cc3)cc12	0	0	0	0	0	0	0
Br.Cc1n/c(=N\Cc2cccnc2)sn1-c1ccccc1	0	0	0	0	0	1	1
Br.FC(F)(F)c1ccc(-c2n/c(=N\Cc3cccnc3)sn2-c2ccccc2)cc1	0	0	0	0	0	1	1
Br.N=C(N)SCCCn1cc(C2=C(Nc3ccccc3)C(=O)NC2=O)c2ccccc21	0	0	0	0	0	0	0
Br.N=C(N)SCCc1ccc(Cl)cc1	0	0	0	0	0	0	0
Br.NC(=O)c1cnc2[nH]ccc2c1NC1C2CC3CC1CC(O)(C3)C2	0	0	0	0	0	0	0
Br.O=[N+]([O-])c1ccc(-n2s/c(=N/Cc3cccnc3)nc2-c2ccccc2)cc1	0	0	0	0	0	2	0
Br.OC1(c2ccc(C3CCCCC3)cc2)CN2CCCCC2CO1	0	0	0	0	0	0	0
Br.OCC/N=c1\nc(-c2ccccc2)n(-c2cccc3ccccc23)s1	0	0	0	0	0	1	1
Br.OCC/N=c1\nc(-c2ccccc2)n(-c2ccccc2)s1	0	0	0	0	0	1	1
Br.Oc1ccc(-c2cc3c(NCc4ccc(F)cc4)ncnc3[nH]2)cc1	0	0	0	0	0	0	0
Br.Oc1ccc(-c2cc3c(NCc4cccc(F)c4)ncnc3[nH]2)cc1	0	0	0	0	0	0	0
Br.Oc1ccc(-c2cc3c(NCc4ccccc4)ncnc3[nH]2)cc1	0	0	0	0	0	0	0
Br.Oc1ccc(-c2cc3c(NCc4ccccc4F)ncnc3[nH]2)cc1	0	0	0	0	0	0	0
Br.c1ccc(-c2n/c(=N\C3CCCCC3)sn2-c2ccccc2)cc1	0	0	0	0	0	1	1
Br.c1ccc(-c2n/c(=N\CCN3CCOCC3)sn2-c2ccccc2)cc1	0	0	0	0	0	1	1
Br.c1ccc(-c2n/c(=N\Cc3cccnc3)sn2-c2cccc3ccccc23)cc1	0	0	0	0	0	1	1
Br.c1ccc(-c2n/c(=N\Cc3cccnc3)sn2-c2ccccc2)cc1	0	0	0	0	0	1	1
Br.c1ccc(-n2s/c(=N/Cc3cccnc3)nc2-c2cccc3ccccc23)cc1	0	0	0	0	0	2	0
Br.c1ccc(/N=c2/nc(-c3ccccc3)n(-c3ccccc3)s2)cc1	0	0	0	0	0	2	0
Br.c1ccc(COc2cccc3ccn(CC4=NCCN4)c23)cc1	0	0	0	0	0	0	0
BrC(Cn1ncc2c(N3CCCC3)ncnc21)c1ccccc1	0	0	0	0	0	0	0
BrC(Cn1ncc2c(N3CCCCC3)ncnc21)c1ccccc1	0	0	0	0	0	0	0
BrC(Cn1ncc2c(NCc3ccccc3)ncnc21)c1ccccc1	0	0	0	0	0	0	0
BrC[C@H]1CC[C@H](c2nnn3cnc4[nH]ccc4c23)CC1	2	1	0	1	0	0	0
Brc1c(Br)c(Br)c2[nH]c(N3C=NC4CCCCC43)nc2c1Br	0	0	0	0	0	0	0
Brc1c(Br)c(Br)c2[nH]c(N3CCC(C4CCNCC4)CC3)nc2c1Br	0	0	0	0	0	0	0
Brc1c(Br)c(Br)c2[nH]c(N3CCCC(CN4CCN(c5ccccn5)CC4)C3)nc2c1Br	0	0	0	0	0	0	0
Brc1c(Br)c(Br)c2[nH]c(N3CCCC3)nc2c1Br	0	0	0	0	0	0	0
Brc1c(Br)c(Br)c2[nH]c(N3CCCNCC3)nc2c1Br	0	0	0	0	0	0	0
Brc1c(Br)c(Br)c2[nH]c(N3CCN(CCN4CCCCC4)CC3)nc2c1Br	0	0	0	0	0	0	0
Brc1c(Br)c(Br)c2[nH]c(N3CCN4CCC3CC4)nc2c1Br	0	0	0	0	0	0	0
Brc1c(Br)c(Br)c2[nH]c(N3CCNCC3)nc2c1Br	0	0	0	0	0	0	0
Brc1c(Br)c(Br)c2[nH]c(N3CCNc4ccccc43)nc2c1Br	0	0	0	0	0	0	0
Brc1c(Br)c(Br)c2[nH]c(N3CCOCC3)nc2c1Br	0	0	0	0	0	0	0
Brc1c(Br)c(Br)c2[nH]c(NC3CCCCCCC3)nc2c1Br	0	0	0	0	0	0	0
Brc1c(Br)c(Br)c2[nH]c(NC3CCCNCC3)nc2c1Br	0	0	0	0	0	0	0
Brc1c(Br)c(Br)c2[nH]c(NCC3CCNCC3)nc2c1Br	0	0	0	0	0	0	0
Brc1c(Br)c(Br)c2[nH]c(NCCCN3CCCC3)nc2c1Br	0	0	0	0	0	0	0
Brc1c(Br)c(Br)c2[nH]c(NCCCN3CCCCC3)nc2c1Br	0	0	0	0	0	0	0
Brc1c(Br)c(Br)c2[nH]c(NCCCN3CCOCC3)nc2c1Br	0	0	0	0	0	0	0
Brc1c(Br)c(Br)c2[nH]c(NCCCn3ccnc3)nc2c1Br	0	0	0	0	0	0	0
Brc1c(Br)c(Br)c2[nH]c(NCCN3CCCC3)nc2c1Br	0	0	0	0	0	0	0
Brc1c(Br)c(Br)c2[nH]c(NCCN3CCCCC3)nc2c1Br	0	0	0	0	0	0	0
Brc1c(Br)c(Br)c2[nH]c(NCCN3CCN(c4ncccn4)CC3)nc2c1Br	0	0	0	0	0	0	0
Brc1c(Br)c(Br)c2[nH]c(NCCN3CCOCC3)nc2c1Br	0	0	0	0	0	0	0
Brc1c(Br)c(Br)c2[nH]c(NCCc3ccccn3)nc2c1Br	0	0	0	0	0	0	0
Brc1c(Br)c(Br)c2[nH]c(NCc3ccccc3)nc2c1Br	0	0	0	0	0	0	0
Brc1c(Br)c(Br)c2[nH]c(N[C@H]3COC[C@@H]3N3CCCC3)nc2c1Br	3	1	1	1	0	0	0
Brc1c(Br)c(Br)c2[nH]c(N[C@H]3COC[C@@H]3N3CCCCC3)nc2c1Br	3	1	1	1	0	0	0
Brc1c(Br)c(Br)c2[nH]c(Nc3ccccc3)nc2c1Br	0	0	0	0	0	0	0
Brc1c(Br)c(Br)c2[nH]c(Nc3ccccn3)nc2c1Br	0	0	0	0	0	0	0
Brc1c(Br)c(Br)c2[nH]c(Nc3ccncc3)nc2c1Br	0	0	0	0	0	0	0
Brc1c(Br)c(Br)c2c(nc(N3CCNCC3)n2Cc2ccccc2)c1Br	0	0	0	0	0	0	0
Brc1cc(Br)cc(CNc2ccnc(-c3ccc4c(c3)OCO4)n2)c1	0	0	0	0	0	0	0
Brc1cc(Br)cc(CNc2nccc(-c3ccc4c(c3)OCO4)n2)c1	0	0	0	0	0	0	0
Brc1cc(CN2CCC(c3nnn4cnc5[nH]ccc5c34)CC2)sc1Br	0	0	0	0	0	0	0
Brc1cc(CNc2ncc(Br)c(Nc3cc(C4CC4)[nH]n3)n2)on1	0	0	0	0	0	0	0
Brc1cc2c(NCc3ccccc3)ncnc2s1	0	0	0	0	0	0	0
Brc1cc2c(NCc3cccs3)ncnc2s1	0	0	0	0	0	0	0
Brc1cc2c(NCc3ccncc3)ncnc2s1	0	0	0	0	0	0	0
Brc1cc2c(Nc3ccccc3)ncnc2s1	0	0	0	0	0	0	0
Brc1ccc(-c2cc3[nH]ccnc-3n2)cc1	0	0	0	0	0	0	0
Brc1ccc(-c2cnc3nnc(Cc4c[nH]c5ccccc45)n3n2)cc1	0	0	0	0	0	0	0
Brc1ccc(-c2csc3nc(-c4ccncc4)nc(N4CCCNCC4)c23)cc1	0	0	0	0	0	0	0
Brc1ccc(-c2nc3ccc(Nc4ccnc5ccccc45)cc3[nH]2)cc1	0	0	0	0	0	0	0
Brc1ccc(-c2nc3ccc(Nc4ncnc5ccccc45)cc3[nH]2)cc1	0	0	0	0	0	0	0
Brc1ccc(-c2nn3c(-c4ccco4)nnc3s2)o1	0	0	0	0	0	0	0
Brc1ccc(-c2nnc(Cn3nnc4ccccc43)o2)cc1	0	0	0	0	0	0	0
Brc1ccc(/C=C/CNCCOc2cncc(/C=C/c3ccncc3)c2)cc1	0	0	0	0	0	4	0
Brc1ccc(Br)c(CN2CCCC(Nc3ccc4[nH]ncc4c3)C2)c1	0	0	0	0	0	0	0
Brc1ccc(C2=NN(c3ccccc3)C(c3cccc4ccccc34)C2)cc1	0	0	0	0	0	0	0
Brc1ccc(C2=NN(c3nc(-c4ccc(Br)cc4)cs3)C(c3ccc4c(c3)OCCO4)C2)cc1	0	0	0	0	0	0	0
Brc1ccc(C2=NN(c3nc(-c4ccc(Br)cc4)cs3)C(c3ccc4c(c3)OCO4)C2)cc1	0	0	0	0	0	0	0
Brc1ccc(C2=NN(c3nc(-c4ccccc4)cs3)C(c3ccc(Br)cc3)C2)cc1	0	0	0	0	0	0	0
Brc1ccc(CN2CCC(c3nnn4cnc5[nH]ccc5c34)CC2)cc1	0	0	0	0	0	0	0
Brc1ccc(CN2CCC(c3nnn4cnc5[nH]ccc5c34)CC2)o1	0	0	0	0	0	0	0
Brc1ccc(CN2CCC(c3nnn4cnc5[nH]ccc5c34)CC2)s1	0	0	0	0	0	0	0
Brc1ccc(CN2CCN(c3nc(-c4ccncc4)nc4sc5c(c34)CCCC5)CC2)cc1	0	0	0	0	0	0	0
Brc1ccc(CNc2ccc3ncnc(Nc4cccc(Br)c4)c3c2)cc1	0	0	0	0	0	0	0
Brc1ccc(CNc2ccnc(-c3ccc4c(c3)OCO4)n2)cc1Br	0	0	0	0	0	0	0
Brc1ccc(CNc2nccc(-c3ccc4c(c3)OCO4)n2)cc1Br	0	0	0	0	0	0	0
Brc1ccc(CSc2nnc(Cn3nnc4ccccc43)o2)cc1	0	0	0	0	0	0	0
Brc1ccc(Cc2nnc(Cn3nnc4ccccc43)o2)cc1	0	0	0	0	0	0	0
Brc1ccc(Nc2nc(N3CCNCC3)nc3[nH]cnc23)cc1	0	0	0	0	0	0	0
Brc1ccc(Nc2nc(N3CCOCC3)nc3[nH]cnc23)cc1	0	0	0	0	0	0	0
Brc1ccc(Nc2nc(N3CCOCC3)nc3c2ncn3C2CCCCO2)cc1	0	0	0	0	0	0	0
Brc1ccc(Nc2ncnc3sc4c(c23)CCCC4)cc1	0	0	0	0	0	0	0
Brc1ccc(Nc2ncnc3sc4c(c23)CCN(Cc2ccccc2)C4)cc1	0	0	0	0	0	0	0
Brc1ccc(Oc2cncc3sc(-c4nn[nH]n4)cc23)cc1	0	0	0	0	0	0	0
Brc1ccc2[nH]c3c(c2c1)CCN(CC(c1ccccc1)c1ccccc1)c1nccc(I)c1-3	0	0	0	0	0	0	0
Brc1ccc2[nH]c3c(ccc4cc[nH]c43)c2c1	0	0	0	0	0	0	0
Brc1ccc2[nH]c3cnccc3c2c1	0	0	0	0	0	0	0
Brc1ccc2c(c1)-c1nnc(-c3ccc(CN4CCC(c5nnc(-c6ccccn6)[nH]5)CC4)cc3)n1-c1cccnc1N2	0	0	0	0	0	0	0
Brc1ccc2cc(-c3n[nH]c4cccnc34)[nH]c2c1	0	0	0	0	0	0	0
Brc1ccc2nc(NCCc3c[nH]c4ccccc34)nc(Nc3ccc4[nH]ncc4c3)c2c1	0	0	0	0	0	0	0
Brc1ccc2nc3cc(Nc4ccccc4)ncn3c2c1	0	0	0	0	0	0	0
Brc1cccc(-c2[nH]ncc2-c2ccnc3ccccc23)n1	0	0	0	0	0	0	0
Brc1cccc(-c2cc(NCc3ccncc3)n3ncnc3n2)c1	0	0	0	0	0	0	0
Brc1cccc(-c2nnc(Cn3nnc4ccccc43)o2)c1	0	0	0	0	0	0	0
Brc1cccc(-n2ncc3c(N/N=C/c4ccncc4)ncnc32)c1	0	0	0	0	0	2	0
Brc1cccc(Br)c1Nc1nc2ccccc2n2cncc12	0	0	0	0	0	0	0
Brc1cccc(CN2CCCC(Nc3ccc4[nH]ncc4c3)C2)c1	0	0	0	0	0	0	0
Brc1cccc(CN2CCN(c3nc(-c4ccncc4)nc4sc5c(c34)CCCC5)CC2)c1	0	0	0	0	0	0	0
Brc1cccc(Nc2[nH]cnc3c4ccccc4nc2-3)c1.Cl	0	0	0	0	0	0	0
Brc1cccc(Nc2[nH]cnc3nc4ccccc4c2-3)c1	0	0	0	0	0	0	0
Brc1cccc(Nc2nc3cc(-c4nnn[nH]4)ccc3c3sccc23)c1	0	0	0	0	0	0	0
Brc1cccc(Nc2ncc(-c3ccccc3)s2)n1	0	0	0	0	0	0	0
Brc1cccc(Nc2ncnc3c2NCc2cc(Br)ccc2O3)c1	0	0	0	0	0	0	0
Brc1cccc(Nc2ncnc3c2NCc2ccccc2O3)c1	0	0	0	0	0	0	0
Brc1cccc(Nc2ncnc3c2ccc2[nH]cnc23)c1	0	0	0	0	0	0	0
Brc1cccc(Nc2ncnc3c2oc2ccccc23)c1	0	0	0	0	0	0	0
Brc1cccc(Nc2ncnc3c2sc2ccccc23)c1	0	0	0	0	0	0	0
Brc1cccc(Nc2ncnc3c2sc2ncccc23)c1	0	0	0	0	0	0	0
Brc1cccc(Nc2ncnc3cc(NCCCCN4CCOCC4)ncc23)c1	0	0	0	0	0	0	0
Brc1cccc(Nc2ncnc3cc(NCCCN4CCOCC4)ncc23)c1	0	0	0	0	0	0	0
Brc1cccc(Nc2ncnc3cc(NCCCn4ccnc4)ncc23)c1	0	0	0	0	0	0	0
Brc1cccc(Nc2ncnc3cc(NCCc4c[nH]cn4)ncc23)c1	0	0	0	0	0	0	0
Brc1cccc(Nc2ncnc3cc(OCCCN4CCOCC4)c4c(c23)OCCO4)c1	0	0	0	0	0	0	0
Brc1cccc(Nc2ncnc3cc4[nH]cc(CN5CCOCC5)c4cc23)c1	0	0	0	0	0	0	0
Brc1cccc(Nc2ncnc3cc4[nH]cnc4cc23)c1	0	0	0	0	0	0	0
Brc1cccc(Nc2ncnc3cc4[nH]nnc4cc23)c1	0	0	0	0	0	0	0
Brc1cccc(Nc2ncnc3cc4c(cc23)CN4)c1	0	0	0	0	0	0	0
Brc1cccc(Nc2ncnc3cc4c(cc23)OCCCO4)c1	0	0	0	0	0	0	0
Brc1cccc(Nc2ncnc3cc4c(cc23)OCCO4)c1	0	0	0	0	0	0	0
Brc1cccc(Nc2ncnc3cc4c(cc23)OCCOCCO4)c1	0	0	0	0	0	0	0
Brc1cccc(Nc2ncnc3cc4c(cc23)OCCOCCOCCO4)c1	0	0	0	0	0	0	0
Brc1cccc(Nc2ncnc3cc4c(cc23)OCCSCCO4)c1	0	0	0	0	0	0	0
Brc1cccc(Nc2ncnc3cc4c(cc23)OCO4)c1	0	0	0	0	0	0	0
Brc1cccc(Nc2ncnc3cc4c(cc23)Oc2ccccc2O4)c1	0	0	0	0	0	0	0
Brc1cccc(Nc2ncnc3cc4c(cnn4CCCN4CCOCC4)cc23)c1	0	0	0	0	0	0	0
Brc1cccc(Nc2ncnc3cc4c(cnn4CCN4CCOCC4)cc23)c1	0	0	0	0	0	0	0
Brc1cccc(Nc2ncnc3cc4c[nH]nc4cc23)c1	0	0	0	0	0	0	0
Brc1cccc(Nc2ncnc3cc4ncsc4cc23)c1	0	0	0	0	0	0	0
Brc1cccc(Nc2ncnc3ccc(N/N=N/CCN4CCOCC4)cc23)c1	0	0	0	0	0	2	0
Brc1cccc(Nc2ncnc3ccc(N/N=N/Cc4ccccc4)cc23)c1	0	0	0	0	0	2	0
Brc1cccc(Nc2ncnc3ccc(N/N=N/Cc4ccccn4)cc23)c1	0	0	0	0	0	2	0
Brc1cccc(Nc2ncnc3ccc(NCCCN4CCCCC4)cc23)c1	0	0	0	0	0	0	0
Brc1cccc(Nc2ncnc3ccc(NCc4ccc5c(c4)OCCCCO5)cc23)c1	0	0	0	0	0	0	0
Brc1cccc(Nc2ncnc3ccc(NCc4ccc5c(c4)OCCCO5)cc23)c1	0	0	0	0	0	0	0
Brc1cccc(Nc2ncnc3ccc(NCc4ccc5c(c4)OCCO5)cc23)c1	0	0	0	0	0	0	0
Brc1cccc(Nc2ncnc3ccc(NCc4ccc5c(c4)OCO5)cc23)c1	0	0	0	0	0	0	0
Brc1cccc(Nc2ncnc3ccc4[nH]cnc4c23)c1	0	0	0	0	0	0	0
Brc1cccc(Nc2ncnc3ccc4cc[nH]c4c23)c1	0	0	0	0	0	0	0
Brc1cccc(Nc2ncnc3ccccc23)c1	0	0	0	0	0	0	0
Brc1cccc(Nc2ncnc3cccnc23)c1	0	0	0	0	0	0	0
Brc1cccc(Nc2ncnc3ccncc23)c1	0	0	0	0	0	0	0
Brc1cccc(Nc2ncnc3ccncc23)c1NCCCCN1CCOCC1	0	0	0	0	0	0	0
Brc1cccc(Nc2ncnc3ccncc23)c1NCCCN1CCOCC1	0	0	0	0	0	0	0
Brc1cccc(Nc2ncnc3ccncc23)c1NCCCn1ccnc1	0	0	0	0	0	0	0
Brc1cccc(Nc2ncnc3ccncc23)c1NCCN1CCOCC1	0	0	0	0	0	0	0
Brc1cccc(Nc2ncnc3ccncc23)c1NCCc1c[nH]cn1	0	0	0	0	0	0	0
Brc1cccc(Nc2ncnc3cnc(NCCCN4CCOCC4)cc23)c1	0	0	0	0	0	0	0
Brc1cccc(Nc2ncnc3cnc(NCCCn4ccnc4)cc23)c1	0	0	0	0	0	0	0
Brc1cccc(Nc2ncnc3cnc(NCCN4CCOCC4)cc23)c1	0	0	0	0	0	0	0
Brc1cccc(Nc2ncnc3cnc(NCCN4CCOCC4)nc23)c1	0	0	0	0	0	0	0
Brc1cccc(Nc2ncnc3cnc(NCCc4c[nH]cn4)cc23)c1	0	0	0	0	0	0	0
Brc1cccc(Nc2ncnc3cnc(NCCc4ccccn4)cc23)c1	0	0	0	0	0	0	0
Brc1cccc(Nc2ncnc3cnc(NCCn4ccnc4)nc23)c1	0	0	0	0	0	0	0
Brc1cccc(Nc2ncnc3cnc(NCc4cccnc4)cc23)c1	0	0	0	0	0	0	0
Brc1cccc(Nc2ncnc3cnccc23)c1	0	0	0	0	0	0	0
Brc1cccc(Nc2ncnc3ncccc23)c1	0	0	0	0	0	0	0
Brc1cccc(Nc2ncnc3sc4c(c23)CCCC4)c1	0	0	0	0	0	0	0
Brc1cccc(Nc2ncnc3sccc23)c1	0	0	0	0	0	0	0
Brc1cccc(Oc2ccc3c(/C=C/c4ccccc4)n[nH]c3c2)c1	0	0	0	0	0	2	0
Brc1cccc(Oc2ncnc3ccccc23)c1	0	0	0	0	0	0	0
Brc1cccc(Sc2ccc3nnc(-c4cncs4)n3n2)c1	0	0	0	0	0	0	0
Brc1cccc2[nH]c(-c3n[nH]c4cccnc34)cc12	0	0	0	0	0	0	0
Brc1cccc2[nH]ncc12	0	0	0	0	0	0	0
Brc1ccccc1Nc1nc2ccccc2n2cncc12	0	0	0	0	0	0	0
Brc1ccccc1Nc1ncc(Br)c(Nc2cc(C3CC3)n[nH]2)n1	0	0	0	0	0	0	0
Brc1ccccc1Nc1ncc2ccn(-c3ccccn3)c2n1	0	0	0	0	0	0	0
Brc1ccccc1Oc1nc2ccccc2n2cncc12	0	0	0	0	0	0	0
Brc1ccnc2[nH]ccc12	0	0	0	0	0	0	0
Brc1cnc(N2CCOCC2)nc1Nc1cc(C2CC2)[nH]n1	0	0	0	0	0	0	0
Brc1cnc(NC(c2ccccc2)c2ccccc2)nc1Nc1cc(C2CC2)[nH]n1	0	0	0	0	0	0	0
Brc1cnc(NC2CCCc3ccccc32)nc1Nc1cc(C2CC2)[nH]n1	0	0	0	0	0	0	0
Brc1cnc(NC2CCNCC2)nc1Nc1cc(C2CC2)[nH]n1	0	0	0	0	0	0	0
Brc1cnc(NC2CCc3ccccc32)nc1Nc1cc(C2CC2)[nH]n1	0	0	0	0	0	0	0
Brc1cnc(NCC2CCNCC2)nc1Nc1cc(C2CC2)n[nH]1	0	0	0	0	0	0	0
Brc1cnc(NCCCc2ccccc2)nc1Nc1cc(C2CC2)[nH]n1	0	0	0	0	0	0	0
Brc1cnc(NCCc2ccccn2)nc1Nc1cc(C2CC2)n[nH]1	0	0	0	0	0	0	0
Brc1cnc(NCCc2cccs2)nc1Nc1cc(C2CC2)n[nH]1	0	0	0	0	0	0	0
Brc1cnc(NCc2cc(-c3ccccc3)no2)nc1Nc1cc(C2CCCC2)n[nH]1	0	0	0	0	0	0	0
Brc1cnc(NCc2cc(C3CCCCC3)no2)nc1Nc1cc(C2CC2)[nH]n1	0	0	0	0	0	0	0
Brc1cnc(NCc2ccccc2)nc1Nc1cc(C2CC2)[nH]n1	0	0	0	0	0	0	0
Brc1cnc(NCc2ccccn2)nc1Nc1cc(C2CC2)n[nH]1	0	0	0	0	0	0	0
Brc1cnc(NCc2cccnc2)nc1Nc1cc(C2CC2)[nH]n1	0	0	0	0	0	0	0
Brc1cnc(NCc2ccco2)nc1Nc1cc(C2CC2)n[nH]1	0	0	0	0	0	0	0
Brc1cnc(NCc2ccncc2)nc1Nc1cc(C2CC2)[nH]n1	0	0	0	0	0	0	0
Brc1cnc(NCc2cnn(-c3ccccc3)n2)nc1Nc1cc(C2CC2)n[nH]1	0	0	0	0	0	0	0
Brc1cnc(Nc2ccc(C3CCNCC3)cc2)nc1NCC1CCCO1	0	0	0	0	0	0	0
Brc1cnc(Nc2ccc(N3CCNCC3)cc2)nc1NCC1CCCO1	0	0	0	0	0	0	0
Brc1cnc(Nc2ccc(N3CCOCC3)cc2)nc1NCC1CCCO1	0	0	0	0	0	0	0
Brc1cnc(Nc2ccc(N3CCOCC3)cc2)nc1Nc1cc(-c2ccco2)[nH]n1	0	0	0	0	0	0	0
Brc1cnc(Nc2ccc(N3CCOCC3)cc2)nc1Nc1cc(C2CC2)n[nH]1	0	0	0	0	0	0	0
Brc1cnc(Nc2ccc(N3CCOCC3)cc2)nc1Nc1ccc(CCN2CCCC2)cc1	0	0	0	0	0	0	0
Brc1cnc(Nc2ccc(N3CCOCC3)cc2)nc1Nc1ccc(CCN2CCCCC2)cc1	0	0	0	0	0	0	0
Brc1cnc(Nc2ccc(N3CCOCC3)cc2)nc1Nc1ccon1	0	0	0	0	0	0	0
Brc1cnc(Nc2ccc(N3CCOCC3)nc2)nc1Nc1cc(C2CC2)n[nH]1	0	0	0	0	0	0	0
Brc1cnc(Nc2ccc(OCCCN3CCOCC3)cc2)nc1Nc1cc(C2CC2)n[nH]1	0	0	0	0	0	0	0
Brc1cnc(Nc2ccc(Oc3cccnc3)cc2)nc1Nc1ccc2[nH]cnc2c1	0	0	0	0	0	0	0
Brc1cnc(Nc2ccc3[nH]ccc3c2)nc1Nc1cc(C2CC2)n[nH]1	0	0	0	0	0	0	0
Brc1cnc(Nc2ccc3[nH]cnc3c2)nc1NC1CCCc2ccccc21	0	0	0	0	0	0	0
Brc1cnc(Nc2ccc3[nH]cnc3c2)nc1NC1CCc2ccccc21	0	0	0	0	0	0	0
Brc1cnc(Nc2ccc3[nH]cnc3c2)nc1Nc1ccc(Oc2cccnc2)cc1	0	0	0	0	0	0	0
Brc1cnc(Nc2ccc3[nH]cnc3c2)nc1Nc1ccc2[nH]cnc2c1	0	0	0	0	0	0	0
Brc1cnc(Nc2ccc3c(c2)CCC3)nc1Nc1cc(C2CC2)[nH]n1	0	0	0	0	0	0	0
Brc1cnc(Nc2ccc3c(c2)OCCO3)nc1Nc1cc(C2CC2)n[nH]1	0	0	0	0	0	0	0
Brc1cnc(Nc2cccc3ccccc23)nc1Nc1cc(C2CC2)[nH]n1	0	0	0	0	0	0	0
Brc1cnc(Nc2ccccc2)nc1Nc1cc(C2CC2)[nH]n1	0	0	0	0	0	0	0
Brc1cnc(Nc2ccccc2)nc1Nc1ccccc1	0	0	0	0	0	0	0
Brc1cnc(Nc2ccccc2-c2ccccc2)nc1Nc1cc(C2CC2)[nH]n1	0	0	0	0	0	0	0
Brc1cnc(Nc2ccccc2Cc2ccccc2)nc1Nc1cc(C2CC2)[nH]n1	0	0	0	0	0	0	0
Brc1cnc(Nc2ccccc2I)nc1Nc1cc(C2CC2)n[nH]1	0	0	0	0	0	0	0
Brc1cnc(Nc2ccccc2Oc2ccccc2)nc1Nc1cc(C2CC2)[nH]n1	0	0	0	0	0	0	0
Brc1cnc(Nc2ccccn2)s1	0	0	0	0	0	0	0
Brc1cnc2[nH]c(-c3ccc(CN4CCOCC4)cc3)nc2c1N1CCN(Cc2ccncc2)CC1	0	0	0	0	0	0	0
Brc1cnc2[nH]c(-c3ccc(CN4CCOCC4)cc3)nc2c1N1CCN(Cc2cncnc2)CC1	0	0	0	0	0	0	0
Brc1cnc2[nH]c(-c3ccc(CN4CCOCC4)cc3)nc2c1N1CCN(Cc2cscn2)CC1	0	0	0	0	0	0	0
Brc1cnc2[nH]c(-c3ccc(OCCN4CCCCC4)cc3)nc2c1NC1CCCC1	0	0	0	0	0	0	0
Brc1cnc2[nH]c(-c3ccc(OCCN4CCCCC4)cc3)nc2c1NCCC1CCNCC1	0	0	0	0	0	0	0
Brc1cnc2[nH]cc(I)c2n1	0	0	0	0	0	0	0
Brc1cnc2[nH]ccc2n1	0	0	0	0	0	0	0
Brc1cnc2[nH]nc(-c3ccc4cc[nH]c4c3)c2c1	0	0	0	0	0	0	0
Brc1cnc2[nH]nc(-c3ccccc3)c2c1	0	0	0	0	0	0	0
Brc1cnc2[nH]nc(-c3ccsc3)c2c1	0	0	0	0	0	0	0
Brc1cnc2c(Nc3ccc(N4CCOCC4)cc3)nc(-c3cccnc3)cn12	0	0	0	0	0	0	0
Brc1cnc2nc(-c3ccc(CN4CC(c5n[nH]c(-c6ccccn6)n5)C4)cc3)c(-c3ccccc3)cn12	0	0	0	0	0	0	0
Brc1cncc(-c2c[nH]c3ncnc(N4CCOCC4)c23)c1	0	0	0	0	0	0	0
Brc1cncc(-c2cnc(Nc3cc(N4CCNCC4)ccn3)s2)c1	0	0	0	0	0	0	0
Brc1cncc(-c2nnn[nH]2)c1	0	0	0	0	0	0	0
Brc1cncc(CNc2ccnc(-c3ccc4c(c3)OCO4)n2)c1	0	0	0	0	0	0	0
Brc1cnccc1CN1CCN(c2nc(-c3ccncc3)nc3sc4c(c23)CCCC4)CC1	0	0	0	0	0	0	0
Brc1cnn(-c2ccnc3[nH]ccc23)c1	0	0	0	0	0	0	0
Brc1cnn2c(NCOc3cccnc3)cc(-c3ccccc3)nc12	0	0	0	0	0	0	0
Brc1cnn2c(NCc3cccnc3)cc(-c3ccco3)nc12	0	0	0	0	0	0	0
Brc1cnn2c(NCc3cccnc3)cc(-c3cccs3)nc12	0	0	0	0	0	0	0
Brc1cnn2c(NCc3cccnc3)cc(C3CC3)nc12	0	0	0	0	0	0	0
Brc1cnn2c(NCc3cccnc3)cc(C3CCCCC3)nc12	0	0	0	0	0	0	0
Brc1cnn2c(NCc3cccnc3)cc(C3CCNCC3)nc12	0	0	0	0	0	0	0
Brc1cnn2c(NCc3ccncc3)cc(-c3ccccc3)nc12	0	0	0	0	0	0	0
Brc1cnn2cccnc12	0	0	0	0	0	0	0
Brc1csc(CN2CCC(c3nnn4cnc5[nH]ccc5c34)CC2)c1	0	0	0	0	0	0	0
Brc1csc2c(NC[C@@H]3CCCN3)nc(-c3ccncc3)nc12	2	0	1	0	1	0	0
Brc1csc2c(NC[C@H]3CCCN3)nc(-c3ccncc3)nc12	1	1	0	1	0	0	0
Brc1csc2c(N[C@@H]3CCCNC3)nc(-c3ccncc3)nc12	2	0	1	0	1	0	0
Brc1csc2c(N[C@H]3CCNC3)nc(-c3ccncc3)nc12	1	1	0	1	0	0	0
Brc1ncc(CN2CCC(c3nnn4cnc5[nH]ccc5c34)CC2)s1	0	0	0	0	0	0	0
Brc1nnc(-c2ccc3[nH]cc(-c4cccc(N5CCOCC5)n4)c3c2)s1	0	0	0	0	0	0	0
C#C/C=C/c1c(N)cc(C(=O)NCc2ccc(S(C)(=O)=O)cc2)nc1OCC	0	0	0	0	0	2	0
C#C/N=C(\NCCCCCCOc1ccc(Cl)cc1)Nc1ccncc1	0	0	0	0	0	1	1
C#CC(=O)N1CC(c2cnn3c(C(N)=O)c(-c4ccc(Oc5ccc(F)cc5)cc4)[nH]c23)C1	0	0	0	0	0	0	0
C#CC(=O)N1CC(c2cnn3c(C(N)=O)c(-c4ccc(Oc5ccc(OC)cc5)cc4)[nH]c23)C1	0	0	0	0	0	0	0
C#CC(=O)N1CC(c2cnn3c(C(N)=O)c(-c4ccc(Oc5ccccc5)cc4)[nH]c23)C1	0	0	0	0	0	0	0
C#CC(=O)N1CC=C(c2ccc(C(C)C(=O)Nc3cc(C4CC4)[nH]n3)cn2)CC1	0	0	0	0	0	0	0
C#CC(=O)N1CCC(Nc2ccc(C(N)=O)c3[nH]c(C)c(C)c23)CC1	0	0	0	0	0	0	0
C#CC(=O)N1CCC(c2cnn3c(C(N)=O)c(-c4ccc(Oc5ccc(Br)cc5)cc4)[nH]c23)CC1	0	0	0	0	0	0	0
C#CC(=O)N1CCC(c2cnn3c(C(N)=O)c(-c4ccc(Oc5ccc(C)cc5)cc4)[nH]c23)CC1	0	0	0	0	0	0	0
C#CC(=O)N1CCC(c2cnn3c(C(N)=O)c(-c4ccc(Oc5ccc(F)cc5)cc4)[nH]c23)CC1	0	0	0	0	0	0	0
C#CC(=O)N1CCC(c2cnn3c(C(N)=O)c(-c4ccc(Oc5ccc(F)cc5F)cc4)[nH]c23)CC1	0	0	0	0	0	0	0
C#CC(=O)N1CCC(c2cnn3c(C(N)=O)c(-c4ccc(Oc5ccc(OC)cc5)cc4)[nH]c23)C1	0	0	0	0	0	0	0
C#CC(=O)N1CCC(c2cnn3c(C(N)=O)c(-c4ccc(Oc5ccc(OC)cc5)cc4)[nH]c23)CC1	0	0	0	0	0	0	0
C#CC(=O)N1CCC(c2cnn3c(C(N)=O)c(-c4ccc(Oc5cccc(F)c5)cc4)[nH]c23)CC1	0	0	0	0	0	0	0
C#CC(=O)N1CCC(c2cnn3c(C(N)=O)c(-c4ccc(Oc5ccccc5)cc4)[nH]c23)C1	0	0	0	0	0	0	0
C#CC(=O)N1CCC(c2cnn3c(C(N)=O)c(-c4ccc(Oc5ccccc5)cc4)[nH]c23)CC1	0	0	0	0	0	0	0
C#CC(=O)N1CCC(c2cnn3c(C(N)=O)c(-c4ccc(Oc5ccccc5F)cc4)[nH]c23)C1	0	0	0	0	0	0	0
C#CC(=O)N1CCC(c2cnn3c(C(N)=O)c(-c4ccc(Oc5ccccc5F)cc4)[nH]c23)CC1	0	0	0	0	0	0	0
C#CC(=O)N1CCC(c2cnn3c(C(N)=O)c(-c4ccc(Oc5ccccc5OC)cc4)[nH]c23)C1	0	0	0	0	0	0	0
C#CC(=O)N1CCC(n2cc(-c3cc4cc(C)cc(OC)c4s3)c3c(N)ncnc32)C1	0	0	0	0	0	0	0
C#CC(=O)N1CCCC(Nc2ccc(C(N)=O)c3[nH]c(C)c(C)c23)C1	0	0	0	0	0	0	0
C#CC(=O)N1CCCC[C@H]1c1nc(-c2ccc(C(=O)Nc3cc(CC)ccn3)cc2)c(C(N)=O)n1N	1	1	0	1	0	0	0
C#CC(=O)N1CCC[C@@H](n2nc(-c3cccc(C(=O)Nc4ccc(C(C)C)cc4)c3)c3c(N)ncnc32)C1	2	0	1	0	1	0	0
C#CC(=O)N1CCC[C@@H](n2nc(C#CCOc3ccccc3)c3c(N)ncnc32)C1	2	0	1	0	1	0	0
C#CC(=O)N1CCN(c2ccc([N+](=O)[O-])c(C3=C(c4c[nH]c5ccccc45)C(=O)NC3=O)c2)CC1	0	0	0	0	0	0	0
C#CC(=O)N1CC[C@H](Nc2ccc(C(N)=O)c3[nH]c(C)c(C)c23)C1	1	1	0	1	0	0	0
C#CC(=O)N1CC[C@H](n2nc(C#Cc3cc(OC)cc(OC)c3)c3c(N)ncnc32)C1	1	1	0	1	0	0	0
C#CC(=O)N[C@@H]1CCN(c2ccc(C(N)=O)c3[nH]c(C)c(C)c23)C1	2	0	1	0	1	0	0
C#CC(=O)N[C@H]1CCCN(c2c(F)cc(C(N)=O)c3[nH]c(C)c(C)c23)C1	1	1	0	1	0	0	0
C#CC(=O)N[C@H]1CCCN(c2ccc(C(N)=O)c3[nH]c(C)c(C)c23)C1	1	1	0	1	0	0	0
C#CC(=O)Nc1ccc(-c2cnn3c(C(N)=O)c(-c4ccc(Oc5ccccc5)cc4)[nH]c23)cc1	0	0	0	0	0	0	0
C#CC(=O)Nc1ccc2ncnc(Nc3cccc(Br)c3)c2c1	0	0	0	0	0	0	0
C#CC(=O)Nc1cccc(-c2cnc3[nH]cc(Cl)c3c2)c1	0	0	0	0	0	0	0
C#CC(=O)Nc1cccc(-c2cnc3[nH]cc(Cl)c3c2)n1	0	0	0	0	0	0	0
C#CC(=O)Nc1cccc(-c2cnc3[nH]ccc3c2)n1	0	0	0	0	0	0	0
C#CC(=O)Nc1ccccc1Nc1cc(N(C)C(=O)Nc2c(Cl)c(OC)cc(OC)c2Cl)ncn1	0	0	0	0	0	0	0
C#CC(=O)Nc1sc(Nc2ccc3ccccc3c2)nc1C(N)=O	0	0	0	0	0	0	0
C#CC(=O)c1ccc2nc(NC(=O)NCc3ccc(OC)cc3)[nH]c2c1	0	0	0	0	0	0	0
C#CC(=O)c1ccc2nc(NC(=O)NCc3ccc(OC)cc3)sc2c1	0	0	0	0	0	0	0
C#CC(C)(C)N1CCN(c2cc3c(cc2C(C)=O)C(=O)c2c([nH]c4cc(C#N)ccc24)C3(C)C)CC1	0	0	0	0	0	0	0
C#CC(C)(C)OC[n+]1ccn(C)c1/C=N/O.[Cl-]	0	0	0	0	0	2	0
C#CC(C)(C)c1cc(N=C(C)C)cc(C(=O)Nc2ccc(C)c(C(=O)Nc3cccnc3)c2)c1	0	0	0	0	0	0	0
C#CC(C)(C)c1cccc(C(=O)Nc2ccc(C)c(Nc3ccc4ncn(C)c(=O)c4c3)c2)c1	0	0	0	0	0	0	0
C#CC(C)N(Cc1cccc(-c2nccs2)c1)C(=O)Nc1ccc(OC(F)(F)F)cc1	0	0	0	0	0	0	0
C#CC(C)Oc1cc(F)ccc1Nc1ncnc2cc(N=S(C)(C)=O)cc(C)c12	0	0	0	0	0	0	0
C#CC(OC1=CC(=O)C(Nc2ncnc3cc(OCCCN4CCCC4)c(OC)cc23)=CC1=O)c1ccccc1	0	0	0	0	0	0	0
C#CCC(C)(CN)c1cccc(-c2ccnc3[nH]ncc23)c1	0	0	0	0	0	0	0
C#CCC(Oc1c(N)ncc2c(-c3cnn(C4CCNCC4)c3)coc12)c1c(Cl)ccc(F)c1Cl	0	0	0	0	0	0	0
C#CCCCCOc1cc2c(Nc3ccc(F)c(Cl)c3)ncnc2cc1OC	0	0	0	0	0	0	0
C#CCCCOc1cc2c(Nc3ccc(F)c(Cl)c3)ncnc2cc1OC	0	0	0	0	0	0	0
C#CCCCOc1cc2c(Nc3cccc(Cl)c3)ncnc2cc1OC	0	0	0	0	0	0	0
C#CCCCn1c(Sc2cc(OC)ccc2I)nc2c(N)nc(F)nc21	0	0	0	0	0	0	0
C#CCCCn1c(Sc2cc(OC)ccc2I)nc2c(N)ncnc21	0	0	0	0	0	0	0
C#CCCN1CCN(c2ccc(Nc3nc(OC4CCN(C(=O)C=C)CC4)c4c(-c5cncc(NC)n5)c[nH]c4n3)cc2)CC1	0	0	0	0	0	0	0
C#CCCOC(=O)N1CC[C@@H](n2cc(C(N)=O)c(Nc3ccc(F)cc3)n2)[C@H](C#N)C1	3	1	1	0	1	0	0
C#CCCOC(=O)N1CC[C@H](n2cc(C(N)=O)c(Nc3ccc(F)cc3)n2)[C@H](C#N)C1	2	1	0	1	0	0	0
C#CCCOC(c1ccccc1)c1cc(OCCNC(=O)C=C)c2cc(-c3n[nH]c4cc(C(F)F)ccc34)[nH]c2c1	0	0	0	0	0	0	0
C#CCCOC[n+]1ccn(C)c1C.[Cl-]	0	0	0	0	0	0	0
C#CCCOc1cc(C(=O)Nc2cc(C(F)(F)F)ccn2)ccc1-c1nc([C@@H]2CC[C@H]3CCC(=O)N3C2)n2ccnc(N)c12	3	1	1	0	1	0	0
C#CCCn1cc(Nc2nc(OC[C@H]3CN(C(=O)C=C)C[C@@H]3OC)c3c(Cl)c[nH]c3n2)cn1	3	1	1	1	0	0	0
C#CCN(C)C(=O)c1ccccc1Nc1nc(Nc2ccc3c(c2)CCCC(=O)N3C)ncc1Cl	0	0	0	0	0	0	0
C#CCN(C)C(C)Cc1cccc(OC(=O)N(C)CCC)c1	0	0	0	0	0	0	0
C#CCN(C)Cc1ccc2cc(C(=O)c3cnn(-c4ccc5[nH]c(C)nc5c4)c3N)[nH]c2c1	0	0	0	0	0	0	0
C#CCN(CC(C)C)C(=O)Cc1cc(C2NC(=O)NC(C)=C2C(=O)Nc2ccc3[nH]ncc3c2)ccc1F	0	0	0	0	0	0	0
C#CCN(Cc1ccco1)C(=O)Cc1cc(C2NC(=O)NC(C)=C2C(=O)Nc2ccc3[nH]ncc3c2)ccc1F	0	0	0	0	0	0	0
C#CCN(c1cc(OC)cc(OC)c1)c1ccc2ncc(-c3cnn(C)c3)nc2c1	0	0	0	0	0	0	0
C#CCN(c1cc(OC)cc(OC)c1)c1ccc2ncc(-c3cnn(CC4CCOCC4)c3)nc2c1	0	0	0	0	0	0	0
C#CCN(c1ccc(C#N)cc1)[C@@H]1CCN(c2ncnc3[nH]ccc23)C1	2	0	1	0	1	0	0
C#CCN(c1ccc(C#N)cc1F)[C@@H]1CCN(c2ncnc3[nH]ccc23)C1	2	0	1	0	1	0	0
C#CCN(c1ccc(C#N)cn1)[C@@H]1CCN(c2ncnc3[nH]ccc23)C1	2	0	1	0	1	0	0
C#CCN(c1ccc(S(C)(=O)=O)cn1)[C@@H]1CCN(c2ncnc3[nH]ccc23)C1	2	0	1	0	1	0	0
C#CCN(c1ccc2ncc(-c3cnn(C)c3)nc2c1)c1c(Cl)c(OC)cc(OC)c1Cl	0	0	0	0	0	0	0
C#CCN(c1ccc2ncc(-c3cnn(C)c3)nc2c1)c1c(F)c(OC)cc(OC)c1F	0	0	0	0	0	0	0
C#CCN(c1ccnc(Nc2ccc(OCC(O)CN(C)C)cc2)n1)c1cc(Cl)ccc1Cl	0	0	0	0	0	0	0
C#CCN(c1cnc(C#N)cn1)[C@@H]1CCN(c2ncnc3[nH]ccc23)C1	2	0	1	0	1	0	0
C#CCN1CCN(c2c(Cl)cccc2NC(=O)c2ccc(Br)o2)CC1	0	0	0	0	0	0	0
C#CCN1CCN(c2c(F)cccc2NC(=O)c2ccc(Br)o2)CC1	0	0	0	0	0	0	0
C#CCNC(=O)[C@@H](C)Oc1cc(F)ccc1Nc1ncnc2cc(N=S3(=O)CCCC3)cc(C)c12	2	0	1	0	1	0	0
C#CCNC(=O)c1cc(Nc2cc(C3CC3)[nH]n2)nc(N2CCN(Cc3ccc(S(=O)(=O)F)cc3)CC2)n1	0	0	0	0	0	0	0
C#CCNC(=O)c1ccccc1Nc1ccc2c(/C=C/c3ccccn3)n[nH]c2c1	0	0	0	0	0	2	0
C#CCNC(=O)c1ccccc1Nc1nc(Nc2ccc3c(c2)CCCC(=O)N3C)ncc1Cl	0	0	0	0	0	0	0
C#CCNC1CCc2c(Cl)cc(OC(=O)N(C)CCC)cc21.Cl	0	0	0	0	0	0	0
C#CCNC[C@H]1CC[C@H](c2nnn3cnc4[nH]ccc4c23)CC1	2	1	0	1	0	0	0
C#CCOC(=O)c1cccc(NC(=O)C2(CN(C)C)CCN(c3ncnc4[nH]cc(C)c34)CC2)c1	0	0	0	0	0	0	0
C#CCOC1=CC(=O)C(Nc2ncnc3cc(OCCCN4CCCC4)c(OC)cc23)=CC1=O	0	0	0	0	0	0	0
C#CCOCCn1c(SC)nc(-c2ccc(F)cc2)c1-c1ccnc(NC(C)=O)c1	0	0	0	0	0	0	0
C#CCOCCn1c(SCc2ccc([S+](C)[O-])cc2)nc(-c2ccc(F)cc2)c1-c1ccnc(NC(C)=O)c1	0	0	0	0	0	0	0
C#CCOC[n+]1ccn(C)c1/C=N/O.[Cl-]	0	0	0	0	0	2	0
C#CCOc1cc2c(N3CCN(C(=O)Nc4ccc(Oc5ccccc5)cc4)CC3)ncnc2cc1OC	0	0	0	0	0	0	0
C#CCOc1cc2c(Nc3cccc(Cl)c3)ncnc2cc1OC	0	0	0	0	0	0	0
C#CCOc1cc2ncnc(N3CCN(C(=O)Nc4ccc(Oc5ccccc5)cc4)CC3)c2cc1OC	0	0	0	0	0	0	0
C#CCOc1ccc2c(C3=C(c4cn(C)c5ccc(Br)cc45)C(=O)NC3=O)coc2c1	0	0	0	0	0	0	0
C#CCOc1nc(Nc2ccc(S(C)(=O)=O)cc2)ncc1C(F)(F)F	0	0	0	0	0	0	0
C#CCS(=O)(=O)c1ccc(Nc2ncc(C(F)(F)F)c(O[C@H](C)C(C)(C)O)n2)cc1	1	1	0	1	0	0	0
C#CCSC[C@H]1OC(n2cnc3c(N)ncnc32)[C@H](O)[C@@H]1O	4	1	1	1	0	0	0
C#CC[C@H](NC(=O)[C@H](CCC(=O)O)NC(=O)[C@H](CC(C)C)NC(=O)[C@@H]1CCCN1C(=O)[C@H](CCC(=O)O)NC(=O)[C@H](CC(=O)O)NC(=O)[C@H](Cc1ccc(O)cc1)NC(=O)[C@@H](N=[N+]=[N-])c1ccccc1)C(N)=O	10	1	1	1	0	0	0
C#CC[C@H](NC(=O)[C@H](Cc1ccc(O)cc1)NC(=O)[C@H](Cc1c[nH]c2ccccc12)NC(=O)[C@H](Cc1ccccc1)NC(=O)[C@@H](NC(=O)[C@H](CCSC)NC(=O)[C@H](CCCCN)NC(=O)[C@H](CC(N)=O)NC(=O)[C@H](CC(=O)O)NC(=O)[C@H](CC(C)C)NC(=O)CN=[N+]=[N-])[C@@H](C)CC)C(N)=O	13	1	1	1	0	0	0
C#CCn1cc(-c2ccc(NC(=O)Nc3cc(C(C)(C)C)on3)c(F)c2)c2c(N)ncnc21	0	0	0	0	0	0	0
C#CCn1cc(-c2ccnc(Nc3cc(NC(=O)C=C)c(N(C)CCN(C)C)cc3OC)n2)c2ccccc21	0	0	0	0	0	0	0
C#CCn1cc(-c2cnc(N)c3c(-c4ccc(Oc5ccccc5)cc4)csc23)cn1	0	0	0	0	0	0	0
C#CCn1nc(Br)c2c(NC(=O)c3csc4c(N)ncnc34)cccc21	0	0	0	0	0	0	0
C#CNC(=O)/C(C#N)=c1\s/c(=C/Nc2ccc(OCCN(C)C)cc2)c(=O)n1CC	0	0	0	0	0	3	1
C#C[C@@H]1C[C@H](n2nc(C#Cc3cc(OC)cc(OC)c3)c3c(N)ncnc32)CN1C(=O)C=C	3	1	1	0	1	0	0
C#Cc1[nH]nc2c1Cc1cc(OC)c(OC)cc1-2	0	0	0	0	0	0	0
C#Cc1c(CCNc2cc[nH]c(=O)c2-c2nc3c(C)cc(N4CCOCC4)cc3[nH]2)ncn1CC	0	0	0	0	0	0	0
C#Cc1c(Oc2ccc(-n3cc(C(=O)NCc4ccc(F)cc4)ccc3=O)cc2F)ccnc1N	0	0	0	0	0	0	0
C#Cc1c(Oc2ccc(NC(=O)c3cccn(-c4ccc(F)cc4)c3=O)cc2F)ccnc1N	0	0	0	0	0	0	0
C#Cc1cc(C(=O)Nc2ccc(CN3CCN(C)CC3)c(C(F)(F)F)c2)ccc1C	0	0	0	0	0	0	0
C#Cc1cc(Cl)c(C(=O)Nc2ccnc(NC(=O)C3CC3)c2)c(Cl)c1	0	0	0	0	0	0	0
C#Cc1cc(Cl)cc(N2C(=O)c3ccccc3C2(O)c2ccc3[nH]c(NC(=O)OC)nc3c2)c1C	0	0	0	0	0	0	0
C#Cc1cc(Nc2nccc(Oc3ccc(NC(=O)Nc4cc(C(C)(C)C)cc(NS(C)(=O)=O)c4OC)c4ccccc34)n2)cc(C(=O)NCCOCCOCCOC)c1	0	0	0	0	0	0	0
C#Cc1cc(Nc2ncnc3cc(OC)c(OC)cc23)ccc1F	0	0	0	0	0	0	0
C#Cc1cc(Nc2ncnc3cc(OC)c(OCCCCCCCC(=O)NO)cc23)ccc1F	0	0	0	0	0	0	0
C#Cc1cc(Nc2ncnc3cc(OCCOC)c(OCCCCCCCC(=O)NO)cc23)ccc1F	0	0	0	0	0	0	0
C#Cc1cc2c(C)c(Cc3cccc(NS(=O)(=O)NC)c3)c(=O)oc2cc1OC(=O)N(C)C	0	0	0	0	0	0	0
C#Cc1cc2c(cc1N1CCN(C3CCC3)CC1)C(C)(C)c1[nH]c3cc(C#N)ccc3c1C2=O	0	0	0	0	0	0	0
C#Cc1cc2c(cc1N1CCN(C3COC3)CC1)C(C)(C)c1[nH]c3cc(C#N)ccc3c1C2=O	0	0	0	0	0	0	0
C#Cc1cc2c(cc1OC1CCN(C3COC3)CC1)C(C)(C)c1[nH]c3cc(C#N)ccc3c1C2=O	0	0	0	0	0	0	0
C#Cc1ccc(-c2n[nH]c3cnc(-c4cccnc4)cc23)nc1N1CCC[C@H](N)C1	1	1	0	1	0	0	0
C#Cc1ccc(-c2nc(-c3ccc(F)cc3)c(-c3cc[nH]c(=O)c3)[nH]2)cc1	0	0	0	0	0	0	0
C#Cc1ccc(-c2nc(-c3ccc(F)cc3)c(-c3ccnc(SC)n3)[nH]2)cc1	0	0	0	0	0	0	0
C#Cc1ccc(C#Cc2ccc(C(=O)OCC3(CO)CC(=C(C)C)C(=O)O3)cc2)cc1	0	0	0	0	0	0	0
C#Cc1ccc(CN2CCCC(Nc3ccc4[nH]ncc4c3)C2)cc1	0	0	0	0	0	0	0
C#Cc1ccc(CN2CCC[C@@H](Nc3ccc4[nH]ncc4c3)C2)cc1	2	0	1	0	1	0	0
C#Cc1ccc(CNc2nc(-c3ccc4c(c3)OCO4)c(-c3cccc(C)n3)[nH]2)cc1	0	0	0	0	0	0	0
C#Cc1ccc(N(C)[C@@H]2CCN(c3ncnc4[nH]ccc34)C2)nc1	2	0	1	0	1	0	0
C#Cc1ccc(NCc2nc(-c3ccc4c(c3)OCO4)c(-c3cccc(C)n3)[nH]2)cc1	0	0	0	0	0	0	0
C#Cc1ccc(Nc2c(C(=O)NOCCO)c3c(n2C)C(=O)CC3)c(F)c1	0	0	0	0	0	0	0
C#Cc1ccc(Nc2c(C(=O)NOCCO)c3n(c(=O)c2F)CCC3)c(F)c1	0	0	0	0	0	0	0
C#Cc1ccc(Nc2c(C(=O)NOCCO)cc(CN(OC)C(=O)CC)c(F)c2F)c(F)c1	0	0	0	0	0	0	0
C#Cc1ccc(Nc2c(C(=O)NOCCO)cc(CN(OC)C(C)=O)c(F)c2F)c(F)c1	0	0	0	0	0	0	0
C#Cc1ccc(Nc2c(C(=O)NOCCO)cc(CN3OCCC3=O)c(F)c2F)c(F)c1	0	0	0	0	0	0	0
C#Cc1ccc(Nc2c(C(=O)NOCCO)cc(COCCO)c(F)c2F)c(F)c1	0	0	0	0	0	0	0
C#Cc1ccc(Nc2c(C(=O)NOC[C@H](O)CO)c3c(n2C)C(=O)CCC3)c(F)c1	1	1	0	1	0	0	0
C#Cc1ccc(Nc2c(C)c(=O)n(C)c3ncn(C[C@H](O)CO)c(=O)c23)c(F)c1	1	1	0	1	0	0	0
C#Cc1ccc(Nc2c(F)c(=O)n(C)c3ncn(C[C@@H](O)CO)c(=O)c23)c(F)c1	2	0	1	0	1	0	0
C#Cc1ccc2ccn(-c3ccnc(N)n3)c2c1	0	0	0	0	0	0	0
C#Cc1ccc2ncc(C(=O)Nc3c[nH]nc3-c3cc(Cl)ccc3OC(F)F)n2n1	0	0	0	0	0	0	0
C#Cc1ccc2sc3c(=O)[nH]c(CN(C)C)nc3c2c1	0	0	0	0	0	0	0
C#Cc1cccc(-c2ccc(CN3CCN(C)CC3)o2)c1Cc1ccc2c(c1C)C=CC2	0	0	0	0	0	0	0
C#Cc1cccc(-c2csc(CN3CCN(C)CC3)c2)c1Cc1ccc2c(c1C)C=CC2	0	0	0	0	0	0	0
C#Cc1cccc(-n2ccc3cc(OC)cc(O)c3c2=O)c1	0	0	0	0	0	0	0
C#Cc1cccc(-n2ccc3cc(OC)cc(OC)c3c2=O)c1	0	0	0	0	0	0	0
C#Cc1cccc(CN2CCCC(Nc3ccc4[nH]ncc4c3)C2)c1	0	0	0	0	0	0	0
C#Cc1cccc(N2C(=O)Nc3c(C(=O)Nc4ccc(CN5CCCC5)cc4)sc4ncnc2c34)c1	0	0	0	0	0	0	0
C#Cc1cccc(N2C(=O)c3ccccc3C2(O)c2ccc3c(c2)NC(=O)CO3)c1	0	0	0	0	0	0	0
C#Cc1cccc(NC(=O)C2(C(=O)Nc3ccc(-c4ccc5c(=O)nc[nH]c5c4)cc3)CCC2)c1	0	0	0	0	0	0	0
C#Cc1cccc(NC(=O)Cc2ccc(Nc3ncnc4cc(-c5cnn(C)c5)sc34)cc2)c1	0	0	0	0	0	0	0
C#Cc1cccc(NC(=O)Cc2nc(N3CCOCC3)cc(=O)[nH]2)c1	0	0	0	0	0	0	0
C#Cc1cccc(NC(=O)Nc2ncc(CCNc3ncnc4ccsc34)s2)c1	0	0	0	0	0	0	0
C#Cc1cccc(NC(=O)Nc2nnc(Sc3ncnc4cc(OCCCN5CCOCC5)ccc34)s2)c1	0	0	0	0	0	0	0
C#Cc1cccc(NC(=O)c2cc(NC(=O)CCCCCC(=O)NO)c(OC)cc2O)c1	0	0	0	0	0	0	0
C#Cc1cccc(NC(=O)c2cc(NC(=O)CCCCCC(=O)NO)ccc2O)c1	0	0	0	0	0	0	0
C#Cc1cccc(NC(=O)c2cc(NC(=O)CCCCCC(=O)NO)ccc2OC)c1	0	0	0	0	0	0	0
C#Cc1cccc(NC(=O)c2cc(NC(=O)CCCCCCC(=O)NO)ccc2O)c1	0	0	0	0	0	0	0
C#Cc1cccc(NC(=O)c2cc(OCCCCCCC(=O)NO)ccc2O)c1	0	0	0	0	0	0	0
C#Cc1cccc(NC(=O)c2cccc(NC(=O)CCCCCC(=O)NO)c2)c1	0	0	0	0	0	0	0
C#Cc1cccc(Nc2c(C#N)cnc3cc(OC)c(OC)cc23)c1	0	0	0	0	0	0	0
C#Cc1cccc(Nc2c(C#N)cnc3cc(OCCOC)c(OCCOC)cc23)c1	0	0	0	0	0	0	0
C#Cc1cccc(Nc2ccnc3cc(OC)c(OC)cc23)c1	0	0	0	0	0	0	0
C#Cc1cccc(Nc2ccnc3cc(OCCOC)c(OCCOC)cc23)c1	0	0	0	0	0	0	0
C#Cc1cccc(Nc2nc(C)nc3oc(C)cc23)c1	0	0	0	0	0	0	0
C#Cc1cccc(Nc2nc(N)nc3[nH]c(CCc4ccccc4)cc23)c1	0	0	0	0	0	0	0
C#Cc1cccc(Nc2nc(N)nc3[nH]c(CCc4ccccn4)cc23)c1	0	0	0	0	0	0	0
C#Cc1cccc(Nc2nc(N)nc3[nH]c(Cc4ccc(Cl)cc4Cl)cc23)c1	0	0	0	0	0	0	0
C#Cc1cccc(Nc2nc3c(-c4nnc[nH]4)cccc3c3cnccc23)c1	0	0	0	0	0	0	0
C#Cc1cccc(Nc2nc3c(-c4nnc[nH]4)cccc3c3sccc23)c1	0	0	0	0	0	0	0
C#Cc1cccc(Nc2nc3cc(-c4nnn[nH]4)ccc3c3sccc23)c1	0	0	0	0	0	0	0
C#Cc1cccc(Nc2nc3cc(C(=O)O)ccc3c3cnc(NC)nc23)c1	0	0	0	0	0	0	0
C#Cc1cccc(Nc2nc3cc(C(=O)O)ccc3c3cnc(NC4CC4)nc23)c1	0	0	0	0	0	0	0
C#Cc1cccc(Nc2nc3cc(C(=O)O)ccc3c3cnc(NC4CCNCC4)nc23)c1	0	0	0	0	0	0	0
C#Cc1cccc(Nc2nc3cc(C(=O)O)ccc3c3cnc(NCCCN4CCOCC4)nc23)c1	0	0	0	0	0	0	0
C#Cc1cccc(Nc2nc3cc(C(=O)O)ccc3c3cnc(NCCCOC(C)C)nc23)c1	0	0	0	0	0	0	0
C#Cc1cccc(Nc2nc3cc(C(=O)O)ccc3c3cnc(NCCCOCC)nc23)c1	0	0	0	0	0	0	0
C#Cc1cccc(Nc2nc3cc(C(=O)O)ccc3c3cnc(NCCOC)nc23)c1	0	0	0	0	0	0	0
C#Cc1cccc(Nc2nc3cc(C(=O)O)ccc3c3cnc(NCCOCC)nc23)c1	0	0	0	0	0	0	0
C#Cc1cccc(Nc2nc3cc(C(=O)O)ccc3c3cnccc23)c1	0	0	0	0	0	0	0
C#Cc1cccc(Nc2nc3cc(C(=O)O)ccc3c3cncnc23)c1	0	0	0	0	0	0	0
C#Cc1cccc(Nc2nc3cc(C(N)=O)ccc3c3cncnc23)c1	0	0	0	0	0	0	0
C#Cc1cccc(Nc2nccc3c(Nc4ncccc4-c4cc(NC)ncn4)c(C)ccc23)c1	0	0	0	0	0	0	0
C#Cc1cccc(Nc2ncnc3[nH]c(CCc4ccccc4)cc23)c1	0	0	0	0	0	0	0
C#Cc1cccc(Nc2ncnc3c2/C(=C/c2[nH]c(C(=O)NCCN4CCOCC4)cc2C)C(=O)N3)c1	0	0	0	0	0	2	0
C#Cc1cccc(Nc2ncnc3cc(OC(C)C)c4c(c23)OCCO4)c1	0	0	0	0	0	0	0
C#Cc1cccc(Nc2ncnc3cc(OC)c(NC(=O)/C=C/CN(C)C4CC4)cc23)c1	0	0	0	0	0	2	0
C#Cc1cccc(Nc2ncnc3cc(OC)c(NC(=O)/C=C/CN4CCCCC4)cc23)c1	0	0	0	0	0	2	0
C#Cc1cccc(Nc2ncnc3cc(OC)c(NC(=O)/C=C/CNC4CC4)cc23)c1	0	0	0	0	0	2	0
C#Cc1cccc(Nc2ncnc3cc(OC)c(OC)cc23)c1	0	0	0	0	0	0	0
C#Cc1cccc(Nc2ncnc3cc(OC)c(OCCCCC(=O)NO)cc23)c1	0	0	0	0	0	0	0
C#Cc1cccc(Nc2ncnc3cc(OC)c(OCCCCC(=O)Nc4ccc(S(N)(=O)=O)cc4)cc23)c1	0	0	0	0	0	0	0
C#Cc1cccc(Nc2ncnc3cc(OC)c(OCCCCCC(=O)NO)cc23)c1	0	0	0	0	0	0	0
C#Cc1cccc(Nc2ncnc3cc(OC)c(OCCCCCCCN/C(=N\C#N)Nc4cccnc4)cc23)c1	0	0	0	0	0	1	1
C#Cc1cccc(Nc2ncnc3cc(OC)c(OCCCCCCCN/C(=N\C#N)Nc4ccncc4)cc23)c1	0	0	0	0	0	1	1
C#Cc1cccc(Nc2ncnc3cc(OC)c(OCCCCCCN/C(=N\C#N)Nc4cccnc4)cc23)c1	0	0	0	0	0	1	1
C#Cc1cccc(Nc2ncnc3cc(OC)c(OCCCCCCN/C(=N\C#N)Nc4ccncc4)cc23)c1	0	0	0	0	0	1	1
C#Cc1cccc(Nc2ncnc3cc(OC)c(OCCCCCCn4ccnc4[N+](=O)[O-])cc23)c1	0	0	0	0	0	0	0
C#Cc1cccc(Nc2ncnc3cc(OC)c(OCCCCCN/C(=N\C#N)Nc4cccnc4)cc23)c1	0	0	0	0	0	1	1
C#Cc1cccc(Nc2ncnc3cc(OC)c(OCCCCCN/C(=N\C#N)Nc4ccncc4)cc23)c1	0	0	0	0	0	1	1
C#Cc1cccc(Nc2ncnc3cc(OC)c(OCCCCn4ccnc4[N+](=O)[O-])cc23)c1	0	0	0	0	0	0	0
C#Cc1cccc(Nc2ncnc3cc(OC)c(OCCCn4ccnc4[N+](=O)[O-])cc23)c1	0	0	0	0	0	0	0
C#Cc1cccc(Nc2ncnc3cc(OC)c4c(c23)OCCO4)c1	0	0	0	0	0	0	0
C#Cc1cccc(Nc2ncnc3cc(OC4CCN(C)CC4)c(NC(=O)/C=C/CN(C)C)cc23)c1	0	0	0	0	0	2	0
C#Cc1cccc(Nc2ncnc3cc(OC4CCOC4)c4c(c23)OCCO4)c1	0	0	0	0	0	0	0
C#Cc1cccc(Nc2ncnc3cc(OC4CCOCC4)c(NC(=O)/C=C/CN(C)C)cc23)c1	0	0	0	0	0	2	0
C#Cc1cccc(Nc2ncnc3cc(OC4CCOCC4)c4c(c23)OCCO4)c1	0	0	0	0	0	0	0
C#Cc1cccc(Nc2ncnc3cc(OCC)c(NC(=O)/C=C/CN(C)C4CC4)cc23)c1	0	0	0	0	0	2	0
C#Cc1cccc(Nc2ncnc3cc(OCC)c(NC(=O)/C=C/CN4CCCCC4)cc23)c1	0	0	0	0	0	2	0
C#Cc1cccc(Nc2ncnc3cc(OCC)c(NC(=O)/C=C/CNC4CC4)cc23)c1	0	0	0	0	0	2	0
C#Cc1cccc(Nc2ncnc3cc(OCC)c4c(c23)OCCO4)c1	0	0	0	0	0	0	0
C#Cc1cccc(Nc2ncnc3cc(OCC4CCCO4)c4c(c23)OCCO4)c1	0	0	0	0	0	0	0
C#Cc1cccc(Nc2ncnc3cc(OCCCCCCC(=O)NO)c(OC)cc23)c1	0	0	0	0	0	0	0
C#Cc1cccc(Nc2ncnc3cc(OCCCCCCn4ccnc4[N+](=O)[O-])c(OC)cc23)c1	0	0	0	0	0	0	0
C#Cc1cccc(Nc2ncnc3cc(OCCCCn4ccnc4[N+](=O)[O-])c(OC)cc23)c1	0	0	0	0	0	0	0
C#Cc1cccc(Nc2ncnc3cc(OCCCn4ccnc4[N+](=O)[O-])c(OC)cc23)c1	0	0	0	0	0	0	0
C#Cc1cccc(Nc2ncnc3cc(OCCOC(=O)C(C)c4ccc(CC(C)C)cc4)c(OCCOC)cc23)c1	0	0	0	0	0	0	0
C#Cc1cccc(Nc2ncnc3cc(OCCOC(=O)C(C)c4ccc5cc(OC)ccc5c4)c(OCCOC(=O)C(C)c4ccc5cc(OC)ccc5c4)cc23)c1	0	0	0	0	0	0	0
C#Cc1cccc(Nc2ncnc3cc(OCCOC(=O)C(C)c4ccc5cc(OC)ccc5c4)c(OCCOC)cc23)c1	0	0	0	0	0	0	0
C#Cc1cccc(Nc2ncnc3cc(OCCOC(=O)CC4=C(C)/C(=C/c5ccc([S+](C)[O-])cc5)c5ccc(F)cc54)c(OCCOC(=O)CC4=C(C)/C(=C/c5ccc([S+](C)[O-])cc5)c5ccc(F)cc54)cc23)c1	0	0	0	0	0	4	0
C#Cc1cccc(Nc2ncnc3cc(OCCOC(=O)CC4=C(C)/C(=C\c5ccc([S+](C)[O-])cc5)c5ccc(F)cc54)c(OCCOC)cc23)c1	0	0	0	0	0	1	1
C#Cc1cccc(Nc2ncnc3cc(OCCOC(=O)c4ccc(C(=O)Nc5ccc6c(c5)C(C)(C)CCC6(C)C)cc4)c(OCCOC(=O)c4ccc(C(=O)Nc5ccc6c(c5)C(C)(C)CCC6(C)C)cc4)cc23)c1	0	0	0	0	0	0	0
C#Cc1cccc(Nc2ncnc3cc(OCCOC(=O)c4ccc(C(=O)Nc5ccc6c(c5)C(C)(C)CCC6(C)C)cc4)c(OCCOC)cc23)c1	0	0	0	0	0	0	0
C#Cc1cccc(Nc2ncnc3cc(OCCOC(=O)c4ccccc4OC(C)=O)c(OCCOC)cc23)c1	0	0	0	0	0	0	0
C#Cc1cccc(Nc2ncnc3cc(OCCOC)c(NC(=O)C=C)cc23)c1	0	0	0	0	0	0	0
C#Cc1cccc(Nc2ncnc3cc(OCCOC)c(OCCOC(=O)CCCCC[N+]4=C(/C=C/C=C/C=C/C=C5/N(CCCC)c6ccccc6C5(C)C)C(C)(C)c5cc(C(F)(F)F)ccc54)cc23)c1.[Br-]	0	0	0	0	0	5	0
C#Cc1cccc(Nc2ncnc3cc(OCCOC)c(OCCOC)cc23)c1	0	0	0	0	0	0	0
C#Cc1cccc(Nc2ncnc3cc(OCCOC)c(OCCOC)cc23)c1.Cl	0	0	0	0	0	0	0
C#Cc1cccc(Nc2ncnc3cc(OCCOC)c4c(c23)OCCO4)c1	0	0	0	0	0	0	0
C#Cc1cccc(Nc2ncnc3cc(OCCOCCn4ccnc4[N+](=O)[O-])c(OC)cc23)c1	0	0	0	0	0	0	0
C#Cc1cccc(Nc2ncnc3cc(O[C@H]4CCOC4)c(NC(=O)/C=C/CN(C)C)cc23)c1	1	1	0	1	0	2	0
C#Cc1cccc(Nc2ncnc3cc(O[C@H]4CCOC4)c(NC(=O)/C=C/CN(CC)CC)cc23)c1	1	1	0	1	0	2	0
C#Cc1cccc(Nc2ncnc3cc(O[C@H]4CCOC4)c(NC(=O)/C=C/CN4CCCCC4)cc23)c1	1	1	0	1	0	2	0
C#Cc1cccc(Nc2ncnc3cc(O[C@H]4CCOC4)c(NC(=O)/C=C/CNC(C)C)cc23)c1	1	1	0	1	0	2	0
C#Cc1cccc(Nc2ncnc3cc(O[C@H]4CCOC4)c(NC(=O)/C=C/CNC4CC4)cc23)c1	1	1	0	1	0	2	0
C#Cc1cccc(Nc2ncnc3cc(O[C@H]4CCOC4)c(NC(=O)C=C)cc23)c1	1	1	0	1	0	0	0
C#Cc1cccc(Nc2ncnc3cc4c(cc23)N(C(=O)/C=C/CN(C)C)CCO4)c1	0	0	0	0	0	2	0
C#Cc1cccc(Nc2ncnc3cc4c(cc23)N(C(=O)/C=C/CN(CC)CC)CCO4)c1	0	0	0	0	0	2	0
C#Cc1cccc(Nc2ncnc3cc4c(cc23)N(C(=O)/C=C/CN2CCC(C)CC2)CCO4)c1	0	0	0	0	0	2	0
C#Cc1cccc(Nc2ncnc3cc4c(cc23)N(C(=O)/C=C/CN2CCCCC2)CCO4)c1	0	0	0	0	0	2	0
C#Cc1cccc(Nc2ncnc3cc4c(cc23)N(C(=O)/C=C/CN2CCCCC2C)CCO4)c1	0	0	0	0	0	2	0
C#Cc1cccc(Nc2ncnc3cc4c(cc23)N(C(=O)/C=C/CN2CCN(C)CC2)CCO4)c1	0	0	0	0	0	2	0
C#Cc1cccc(Nc2ncnc3cc4c(cc23)N(CCCN2CCOCC2)C(=O)CO4)c1	0	0	0	0	0	0	0
C#Cc1cccc(Nc2ncnc3cc4c(cc23)OCCO4)c1	0	0	0	0	0	0	0
C#Cc1cccc(Nc2ncnc3cc4c(cc23)OCCOCCOCCO4)c1	0	0	0	0	0	0	0
C#Cc1cccc(Nc2ncnc3cc4oc(=O)n(CCCC(=O)OCC)c4cc23)c1	0	0	0	0	0	0	0
C#Cc1cccc(Nc2ncnc3cc4oc(=O)n(CCCN5CCOCC5)c4cc23)c1	0	0	0	0	0	0	0
C#Cc1cccc(Nc2ncnc3cc4oc(=O)n(CCOC(=O)CBr)c4cc23)c1	0	0	0	0	0	0	0
C#Cc1cccc(Nc2ncnc3cc4oc(=O)n(CCOC)c4cc23)c1	0	0	0	0	0	0	0
C#Cc1cccc(Nc2ncnc3ccc(-c4ccc(CNCCS(C)(=O)=O)o4)cc23)c1	0	0	0	0	0	0	0
C#Cc1cccc(Nc2ncnc3ccc(-c4ccc(CO)o4)cc23)c1	0	0	0	0	0	0	0
C#Cc1cccc(Nc2ncnc3ccc(-c4cnn(C)c4)cc23)c1	0	0	0	0	0	0	0
C#Cc1cccc(Nc2ncnc3ccc(NC(N)=O)cc23)c1	0	0	0	0	0	0	0
C#Cc1cccc(Nc2ncnc3ccc(OCCCC(=O)NO)cc23)c1	0	0	0	0	0	0	0
C#Cc1cccc(Nc2ncnc3ccc(OCCCCCC(=O)NO)cc23)c1	0	0	0	0	0	0	0
C#Cc1cccc(Nc2ncnc3ccc(OCCCCCCC(=O)NO)cc23)c1	0	0	0	0	0	0	0
C#Cc1cccc(Nc2ncnc3ccc(OCCCCOP(N)(=O)N(CCCl)CCCl)cc23)c1	0	0	0	0	0	0	0
C#Cc1cccc(Nc2ncnc3ccc(OCCCOP(N)(=O)N(CCCl)CCCl)cc23)c1	0	0	0	0	0	0	0
C#Cc1cccc(Nc2ncnc3nc(Nc4ccc(CN5CCOCC5)cc4)sc23)c1	0	0	0	0	0	0	0
C#Cc1cccc(Nc2ncnc3sc(-c4ccc(CO)cc4OC)cc23)c1	0	0	0	0	0	0	0
C#Cc1cccc(Nc2ncnc3sc(-c4ccccc4OC)cc23)c1	0	0	0	0	0	0	0
C#Cc1cccc(Nc2ncnc3sc(Br)cc23)c1	0	0	0	0	0	0	0
C#Cc1cccc(Nc2ncnc3sc(C(=O)c4cc5ccccc5[nH]4)cc23)c1	0	0	0	0	0	0	0
C#Cc1cccc(Nc2ncnn3ccc(COC[C@@H]4CNCCO4)c23)c1	2	0	1	0	1	0	0
C#Cc1cccc2[nH]c(C(=O)c3cnn(-c4ccc5[nH]c(C)nc5c4)c3N)cc12	0	0	0	0	0	0	0
C#Cc1ccn2c(-c3ccccc3)c(-c3ccc(C4(N)CCC4)cc3)nc2c1	0	0	0	0	0	0	0
C#Cc1ccn2c(-c3ccnc(SC)n3)c(-c3ccc(F)cc3)nc2n1	0	0	0	0	0	0	0
C#Cc1ccnc2[nH]c3ccc(-c4ccc(N5CCN(C)CC5)cc4)cc3c12	0	0	0	0	0	0	0
C#Cc1cn2c(-c3ccc(C(=O)NC)c(C)c3)cnc2c(NCCC(F)(F)F)n1	0	0	0	0	0	0	0
C#Cc1cn2c(-c3ccc(C(=O)NC4(C#N)CC4)c(C)c3)cnc2c(NCCC(F)(F)F)n1	0	0	0	0	0	0	0
C#Cc1cn2c(-c3ccc(C(=O)NC4CC4)cc3)cnc2c(NCC(C)C)n1	0	0	0	0	0	0	0
C#Cc1cn2c(-c3ccc(C(=O)NC4C[C@@H]4F)c(C)c3)cnc2c(NCCC(F)(F)F)n1	2	0	1	0	1	0	0
C#Cc1cn2c(-c3ccc(C(=O)NCC(F)F)c(C)c3)cnc2c(NCCC(F)(F)F)n1	0	0	0	0	0	0	0
C#Cc1cn2c(-c3ccc(C(=O)NCC)c(C)c3)cnc2c(NCCC(F)(F)F)n1	0	0	0	0	0	0	0
C#Cc1cnc(Nc2cnc(C#N)cn2)cc1NC[C@@H]1CNCCO1	2	0	1	0	1	0	0
C#Cc1cncc(-c2cc3c(cn2)cnn3-c2cccc(N3CCNCC3)n2)n1	0	0	0	0	0	0	0
C#Cc1cnn2c(NCc3cccnc3)cc(-c3ccccc3)nc12	0	0	0	0	0	0	0
C#Cc1csc(NC(=O)Cc2ccc(OC)cc2)c1C(=O)OCC	0	0	0	0	0	0	0
C#Cc1nc(-c2ccc(F)cc2)c(-c2ccncc2)n1C	0	0	0	0	0	0	0
C#Cc1nc(-c2ccc(F)cc2)c(-c2ccncc2)o1	0	0	0	0	0	0	0
C#Cc1nc(Nc2ccc(S(N)(=O)=O)cc2)nc2[nH]cnc12	0	0	0	0	0	0	0
C#Cc1nc(Nc2cccc(CC(N)=O)c2)nc2[nH]cnc12	0	0	0	0	0	0	0
C#Cc1nc(Nc2ccccc2)nc2[nH]cnc12	0	0	0	0	0	0	0
C#Cc1nc2cccc(-c3cc4c([nH]3)CCNC4=O)c2nc1NC(C)(C)C	0	0	0	0	0	0	0
C#Cc1nn([C@@H]2CCCN(C(=O)C=C)C2)c2ncnc(N)c12	2	0	1	0	1	0	0
C#Cc1sc2c(N[C@@H]3CCNC3)nc(-c3ccncc3)nc2c1C	2	0	1	0	1	0	0
C#Cn1c(C#CCCO)nc(-c2ccc(F)cc2)c1-c1ccncc1	0	0	0	0	0	0	0
C(#Cc1cc(-c2n[nH]c3c2Cc2cc(CN4CCSC4)ccc2-3)cs1)COc1ccccc1	0	0	0	0	0	0	0
C(#Cc1cc(-c2n[nH]c3c2Cc2cc(Cn4cccn4)ccc2-3)cs1)COc1ccccc1	0	0	0	0	0	0	0
C(#Cc1cc(-c2n[nH]c3c2Cc2cc(Cn4ccnc4)ccc2-3)cs1)COc1ccccc1	0	0	0	0	0	0	0
C(#Cc1cc(-c2n[nH]c3c2Cc2ccccc2-3)cs1)COc1ccccc1	0	0	0	0	0	0	0
C(#Cc1ccc2cc(-c3n[nH]c4cccnc34)[nH]c2c1)CCc1cccnc1	0	0	0	0	0	0	0
C(=C/c1c(-c2ccccc2)nc2sccn12)\c1ccnc(Nc2ccccc2)n1	0	0	0	0	0	1	1
C(=C/c1c(-c2ccccc2)nc2sccn12)\c1ccncn1	0	0	0	0	0	1	1
C(=C/c1cccc(OCc2ccccc2)c1)\c1ccc(OCc2ccccc2)cc1	0	0	0	0	0	1	1
C(=C/c1ccccc1)\C(=N\Nc1nncc2ccccc12)c1ccccc1	0	0	0	0	0	1	2
C(=C/c1ccco1)\CN1CCC(c2nnn3cnc4[nH]ccc4c23)CC1	0	0	0	0	0	1	1
C(=C/c1cncc(OC[C@@H]2CCCN2)c1)\c1ccncc1	2	0	1	0	1	1	1
C(=C/c1n[nH]c2cc(-c3cccc4[nH]ccc34)ccc12)\c1ccccc1	0	0	0	0	0	1	1
C(=C/c1n[nH]c2cc(-c3ccccc3)ccc12)\c1ccccc1	0	0	0	0	0	1	1
C(=C/c1n[nH]c2cc(-c3cccnc3)ccc12)\c1ccccc1	0	0	0	0	0	1	1
C(=C/c1n[nH]c2cc(-c3ccnc4[nH]ccc34)ccc12)\c1ccccc1	0	0	0	0	0	1	1
C(=C/c1n[nH]c2cc(-c3ccnc4[nH]ncc34)ccc12)\c1ccccc1	0	0	0	0	0	1	1
C(=C/c1n[nH]c2cc(-c3ccncc3)ccc12)\c1ccc(-c2ccccc2)cc1	0	0	0	0	0	1	1
C(=C/c1n[nH]c2cc(-c3ccncc3)ccc12)\c1ccc2c(c1)OCO2	0	0	0	0	0	1	1
C(=C/c1n[nH]c2cc(-c3ccncc3)ccc12)\c1ccc2ccccc2c1	0	0	0	0	0	1	1
C(=C/c1n[nH]c2cc(-c3ccncc3)ccc12)\c1ccc[nH]1	0	0	0	0	0	1	1
C(=C/c1n[nH]c2cc(-c3ccncc3)ccc12)\c1ccccc1	0	0	0	0	0	1	1
C(=C/c1n[nH]c2cc(-c3ccncc3)ccc12)\c1ccccn1	0	0	0	0	0	1	1
C(=C/c1n[nH]c2cc(N3CCCC3)c(-c3ccncc3)cc12)\c1ccccc1	0	0	0	0	0	1	1
C(=C/c1n[nH]c2cc(N3CCCC3)c(NCc3ccccn3)cc12)\c1ccccc1	0	0	0	0	0	1	1
C(=C/c1n[nH]c2cc(Oc3ccccc3)ccc12)\c1ccccc1	0	0	0	0	0	1	1
C(=C/c1n[nH]c2cc(Sc3ccccc3)ccc12)\c1ccccc1	0	0	0	0	0	1	1
C(=C/c1n[nH]c2ccc(NCc3ccccc3)cc12)\c1ccccn1	0	0	0	0	0	1	1
C(=C/c1nccc(-c2c[nH]c3cnccc23)n1)\c1ccccc1	0	0	0	0	0	1	1
C(=C/n1ncc2c(N3CCCCCC3)ncnc21)\c1ccccc1	0	0	0	0	0	1	1
C(=C/n1ncc2c(NC3CCCCC3)ncnc21)\c1ccccc1	0	0	0	0	0	1	1
C(=C\n1ncc2c(NC3CC3)ncnc21)\c1ccccc1	0	0	0	0	0	0	2
C(=C\n1ncc2c(NCCc3ccccc3)ncnc21)\c1ccccc1	0	0	0	0	0	0	2
C(=C\n1ncc2c(NCc3ccccc3)ncnc21)\c1ccccc1	0	0	0	0	0	0	2
C(=N/Nc1ncnc2c1cnn2-c1cccc(NCC2CC2)c1)\c1ccncc1	0	0	0	0	0	1	1
C(=N/Nc1ncnc2c1cnn2-c1ccccc1)\c1ccncc1	0	0	0	0	0	1	1
C(=N/Nc1ncnc2c1cnn2-c1ccccn1)\c1ccncc1	0	0	0	0	0	1	1
C(=N/Nc1ncnc2c1cnn2-c1cccnc1)\c1ccncc1	0	0	0	0	0	1	1
C(=N/Nc1ncnc2c1cnn2-c1ccncc1)\c1ccncc1	0	0	0	0	0	1	1
C(=N/n1cccc1)\c1n[nH]c2cc(-c3ccncc3)ccc12	0	0	0	0	0	1	1
C.C.CC1c2[nH]nc(NC(=O)c3ccccn3)c2CN1C(=O)N1C[C@@H]2CCCN2C[C@@H]1C	4	0	1	0	1	0	0
C.C.CCn1cnc(C(=O)Nc2n[nH]c3c2CN(C(=O)N2CCN(CC4CCOCC4)C[C@@H]2C)C3(C)C)c1	2	0	1	0	1	0	0
C.CC(C)N1CCN(C(=O)N2Cc3c(NC(=O)c4ccccn4)n[nH]c3C2(C)C)[C@@H](C)C1	2	0	1	0	1	0	0
C.CC1c2[nH]nc(NC(=O)c3ccccc3F)c2CN1C(=O)N1C[C@@H]2CCCN2C[C@@H]1Cc1ccccc1	4	0	1	0	1	0	0
C.CCC1NC(C(=O)Nc2n[nH]c3c2CN(C(=O)N2CCN(CC4CCOCC4)C[C@@H]2C)C3(C)C)=CO1	2	0	1	0	1	0	0
C.CCCCN1CCN(C(=O)N2Cc3c(NC(=O)c4ccc(F)cc4F)n[nH]c3C2(C)C)[C@@H](C)C1	2	0	1	0	1	0	0
C.CCCCN1CCN(C(=O)N2Cc3c(NC(=O)c4ccccn4)n[nH]c3C2(C)C)[C@@H](C)C1	2	0	1	0	1	0	0
C.CCCN1CCN(C(=O)N2Cc3c(NC(=O)c4ccc(F)cc4F)n[nH]c3C2(C)C)[C@@H](C)C1	2	0	1	0	1	0	0
C.CCCN1CCN(C(=O)N2Cc3c(NC(=O)c4ccccn4)n[nH]c3C2(C)C)[C@@H](C)C1	2	0	1	0	1	0	0
C.CCCN1CCN(C(=O)N2Cc3c(NC(=O)c4ccccn4)n[nH]c3C2(C)CC)[C@@H](C)C1	2	0	1	0	1	0	0
C.CCN1CCN(C(=O)N2Cc3c(NC(=O)c4ccccn4)n[nH]c3C2(C)C)[C@@H](C)C1	2	0	1	0	1	0	0
C.CCn1ccc(C(=O)Nc2n[nH]c3c2CN(C(=O)N2CCN(CC4CCOCC4)C[C@@H]2C)C3(C)C)n1	2	0	1	0	1	0	0
C.COCCCN1CCN(C(=O)N2Cc3c(NC(=O)c4ccc(F)cc4F)n[nH]c3C2(C)C)[C@@H](C)C1	2	0	1	0	1	0	0
C.COCCCN1CCN(C(=O)N2Cc3c(NC(=O)c4ccccn4)n[nH]c3C2(C)C)[C@@H](C)C1	2	0	1	0	1	0	0
C.CO[C@@H]1CN2C[C@H](C)N(C(=O)N3Cc4c(NC(=O)c5ccccn5)n[nH]c4C3(C)C)C[C@@H]2C1C	5	1	1	0	1	0	0
C.COc1cccc(C(=O)Nc2n[nH]c3c2CN(C(=O)N2CCN(CC4CCOCC4)C[C@@H]2C)C3(C)C)n1	2	0	1	0	1	0	0
C.C[C@H](CO)CN1CCN(C(=O)N2Cc3c(NC(=O)c4ccccn4)n[nH]c3C2(C)C)[C@@H](C)C1	3	1	1	1	0	0	0
C.C[C@H]1CN(C)CCN1C(=O)N1Cc2c(NC(=O)c3ccccn3)n[nH]c2C1(C)C	1	1	0	1	0	0	0
C.C[C@H]1CN(CC2(O)CCOCC2)CCN1C(=O)N1Cc2c(NC(=O)c3ccccn3)n[nH]c2C1(C)C	1	1	0	1	0	0	0
C.C[C@H]1CN(CC2CC2)CCN1C(=O)N1Cc2c(NC(=O)c3ccccn3)n[nH]c2C1(C)C	1	1	0	1	0	0	0
C.C[C@H]1CN(CC2CCCC2)CCN1C(=O)N1Cc2c(NC(=O)c3ccc(F)cc3F)n[nH]c2C1(C)C	1	1	0	1	0	0	0
C.C[C@H]1CN(CC2CCOCC2)CCN1C(=O)N1Cc2c(NC(=O)c3ccc(Cl)cn3)n[nH]c2C1(C)C	1	1	0	1	0	0	0
C.C[C@H]1CN(CC2CCOCC2)CCN1C(=O)N1Cc2c(NC(=O)c3ccc(F)cn3)n[nH]c2C1(C)C	1	1	0	1	0	0	0
C.C[C@H]1CN(CC2CCOCC2)CCN1C(=O)N1Cc2c(NC(=O)c3cccc(C#N)c3)n[nH]c2C1(C)C	1	1	0	1	0	0	0
C.C[C@H]1CN(CC2CCOCC2)CCN1C(=O)N1Cc2c(NC(=O)c3ccccc3)n[nH]c2C1(C)C	1	1	0	1	0	0	0
C.C[C@H]1CN(CC2CCOCC2)CCN1C(=O)N1Cc2c(NC(=O)c3cn(C4CCC4)cn3)n[nH]c2C1(C)C	1	1	0	1	0	0	0
C.C[C@H]1CN(CC2CCOCC2)CCN1C(=O)N1Cc2c(NC(=O)c3coc(C4CC4)n3)n[nH]c2C1(C)C	1	1	0	1	0	0	0
C.C[C@H]1CN(CCO)CCN1C(=O)N1Cc2c(NC(=O)c3ccccn3)n[nH]c2C1(C)C	1	1	0	1	0	0	0
C.Cc1ccc(C(=O)Nc2n[nH]c3c2CN(C(=O)N2CCN(CC4CCOCC4)C[C@@H]2C)C3(C)C)nc1	2	0	1	0	1	0	0
C.Cc1cccc(C(=O)Nc2n[nH]c3c2CN(C(=O)N2CCN(CC4CCOCC4)C[C@@H]2C)C3(C)C)n1	2	0	1	0	1	0	0
C.Cc1ccnc(C(=O)Nc2n[nH]c3c2CN(C(=O)N2CCN(CC4CCOCC4)C[C@@H]2C)C3(C)C)c1	2	0	1	0	1	0	0
C.Cc1nc(C(=O)Nc2n[nH]c3c2CN(C(=O)N2CCN(CC4CCOCC4)C[C@@H]2C)C3(C)C)cs1	2	0	1	0	1	0	0
C/C(=C/C=C/CCO)C[C@H]1[C@H](O)[C@@](C)(O)[C@H]2[C@H](O)[C@@H](Cl)CCN12	8	1	1	1	0	3	0
C/C(=C1/C(=O)Nc2ccc(NC(N)=O)cc21)c1cc(CN)c[nH]1	0	0	0	0	0	2	0
C/C(=C1/C(=O)Nc2ccc(NC(N)=O)cc21)c1cc(CNC(=O)CCN2CCCCC2)c[nH]1	0	0	0	0	0	2	0
C/C(=C1/C(=O)Nc2ccc(NC(N)=O)cc21)c1cc(CNC(=O)CN)c[nH]1	0	0	0	0	0	2	0
C/C(=C1/C(=O)Nc2ccc(NC(N)=O)cc21)c1cc(CNC(=O)CO)c[nH]1	0	0	0	0	0	2	0
C/C(=C1/C(=O)Nc2ccc(NC(N)=O)cc21)c1cc(CNC(=O)c2cccnc2)c[nH]1	0	0	0	0	0	2	0
C/C(=C1/C(=O)Nc2ccc(NC(N)=O)cc21)c1cc(CNC(=O)c2ccncc2)c[nH]1	0	0	0	0	0	2	0
C/C(=C1/C(=O)Nc2ccc(NC(N)=O)cc21)c1ccc[nH]1	0	0	0	0	0	2	0
C/C(=C1/C(=O)Nc2ccc(O)cc21)c1ccc[nH]1	0	0	0	0	0	2	0
C/C(=C1/SC(=N)NC1=O)c1ccc(-c2ccc(S(N)(=O)=O)cc2)o1	0	0	0	0	0	2	0
C/C(=C\C#N)c1ccc(C(=O)/N=c2\[nH]c3cc(N(C)C(=O)c4ccccc4)ccc3n2CCC(N)=O)s1	0	0	0	0	0	2	2
C/C(=C\C(=S)NCc1cc(O)c(O)c(O)c1)c1cc(O)c(O)c(Br)c1	0	0	0	0	0	1	1
C/C(=C\C=C\CC(C)C(CC(=O)O)O[C@H]1O[C@@H](CO)[C@H](O)[C@H](O)[C@@H]1O)C(=O)O	7	1	1	1	0	1	2
C/C(=C\C=C\CCO)C[C@H]1[C@H](O)[C@@](C)(O)[C@H]2[C@H](O)[C@@H](Cl)CCN12	8	1	1	1	0	1	2
C/C(=C\C=C\[C@@H](C)CC/C=C(\C)CC1OC(=O)C(=O)C1=O)CCCc1ccoc1	2	0	1	0	1	2	3
C/C(=C\CC/C=C(\C)CCCC(C)CCC1OC1C)CC/C=C(\C)C(=O)CCC(C)C	0	0	0	0	0	3	3
C/C(=C\c1ccccc1)c1ccc(C(=O)/N=c2\[nH]c3cc(N(C)C(=O)c4ccccc4)ccc3n2CCC(N)=O)s1	0	0	0	0	0	2	2
C/C(=C\c1ccccc1)c1ccnc2[nH]c3ccc(-c4ccc(N5CCN(C)CC5)cc4)cc3c12	0	0	0	0	0	1	1
C/C(=C\c1ccccc1C(F)(F)F)c1ccnc2[nH]c3ccc(-c4ccc(N5CCN(C)CC5)cc4)cc3c12	0	0	0	0	0	1	1
C/C(=C\c1cccnc1)c1ccc(C(=O)/N=c2\[nH]c3cc(N(C)C(=O)c4ccccc4)ccc3n2CCC(N)=O)s1	0	0	0	0	0	2	2
C/C(=C\c1ccncc1)c1ccc(C(=O)/N=c2\[nH]c3cc(N(C)C(=O)c4ccccc4)ccc3n2CCC(N)=O)s1	0	0	0	0	0	2	2
C/C(=N/Cc1cccnc1)C1=C(O)c2ccccc2C1=O	0	0	0	0	0	2	0
C/C(=N/Cc1ccco1)C1=C(O)c2ccccc2C1=O	0	0	0	0	0	2	0
C/C(=N/Nc1nc2c(c(=O)[nH]c(=O)n2C)n1Cc1ccccc1)c1ccc([N+](=O)[O-])cc1	0	0	0	0	0	2	0
C/C(=N/O)c1sccc1NC(=O)Cc1ccccc1	0	0	0	0	0	2	0
C/C(=N\N(C)C(N)=O)c1ccc2ncc(C(O)c3c(F)cc4ncccc4c3F)n2n1	0	0	0	0	0	1	1
C/C(=N\N(C)C(N)=O)c1ccc2ncc(Cc3c(F)cc4ncccc4c3F)n2n1	0	0	0	0	0	1	1
C/C(=N\N(C)C(N)=O)c1ccc2ncc(Cc3cc4cccnc4cc3F)n2n1	0	0	0	0	0	1	1
C/C(=N\N(C)C(N)=O)c1ccc2nnc(C(C)(C)c3ccc4ncccc4c3)n2n1	0	0	0	0	0	1	1
C/C(=N\N(C)C(N)=O)c1ccc2nnc(C3(c4ccc5ncccc5c4)CC3)n2n1	0	0	0	0	0	1	1
C/C(=N\N(C)C(N)=O)c1ccc2nnc(Cc3ccc4ncccc4c3)n2n1	0	0	0	0	0	1	1
C/C(=N\N(C)C(N)=O)c1cnc2nnn(Cc3ccc4ncccc4c3)c2n1	0	0	0	0	0	1	1
C/C(=N\N1CCNC1=O)c1ccc2nnc(C(F)(F)c3ccc4ncccc4c3)n2n1	0	0	0	0	0	1	1
C/C(=N\N1CCNC1=O)c1cnc2nnn(Cc3ccc4ncccc4c3)c2n1	0	0	0	0	0	1	1
C/C(=N\N1CCOC1=O)c1ccc2ncc(Cc3cc4cccnc4cc3F)n2n1	0	0	0	0	0	1	1
C/C(=N\N1CCOC1=O)c1ccc2nnc(Cc3c(F)cc4ncccc4c3F)n2n1	0	0	0	0	0	1	1
C/C(=N\N1CCOC1=O)c1cnc2nnn(Cc3ccc4ncccc4c3)c2n1	0	0	0	0	0	1	1
C/C(=N\NC(=N)N)c1cc(NS(=O)(=O)c2ccccc2)cc(/C(C)=N/NC(=N)N)c1	0	0	0	0	0	3	1
C/C(=N\NC(=O)CN1CCN(C)CC1)c1cnc2nnn(Cc3ccc4ncccc4c3)c2n1	0	0	0	0	0	1	1
C/C(=N\NC(=O)CN1CCOCC1)c1ccc2nnc(C(F)(F)c3ccc4ncccc4c3)n2n1	0	0	0	0	0	1	1
C/C(=N\NC(=O)CN1CCOCC1)c1cnc2nnn(Cc3ccc4ncccc4c3)c2n1	0	0	0	0	0	1	1
C/C(=N\NC(=O)CNc1cccc(C(=O)Nc2ccccc2)c1)c1ccncc1	0	0	0	0	0	1	1
C/C(=N\NC(=O)CNc1cccc(Oc2ccccc2)c1)c1ccncc1	0	0	0	0	0	1	1
C/C(=N\NC(=O)Nc1ccc(Cl)cc1)c1ccc2ncc(Cc3cc4cccnc4cc3F)n2n1	0	0	0	0	0	1	1
C/C(=N\NC(=O)Nc1ccccc1)c1ccc2ncc(Cc3cc4cccnc4cc3F)n2n1	0	0	0	0	0	1	1
C/C(=N\NC(=O)c1cccnc1)c1cnc2nnn(Cc3cc4cccnc4cc3F)c2n1	0	0	0	0	0	1	1
C/C(=N\NC(=O)c1ccncc1)c1cnc2nnn(Cc3cc4cccnc4cc3F)c2n1	0	0	0	0	0	1	1
C/C(=N\NC(=O)c1sc(NS(=O)(=O)c2ccccc2)nc1C)c1sc(N)nc1C	0	0	0	0	0	1	1
C/C(=N\NC(=S)NCc1ccccc1)c1ccc2ncc(Cc3cc4cccnc4cc3F)n2n1	0	0	0	0	0	1	1
C/C(=N\NC(N)=O)c1ccc2ncc(C(C)(O)c3cc4cccnc4cc3F)n2n1	0	0	0	0	0	1	1
C/C(=N\NC(N)=O)c1ccc2ncc(C(C)c3c(F)cc4c(cnn4C)c3F)n2n1	0	0	0	0	0	1	1
C/C(=N\NC(N)=O)c1ccc2ncc(C(C)c3cc4cccnc4cc3F)n2n1	0	0	0	0	0	1	1
C/C(=N\NC(N)=O)c1ccc2ncc(C(C)c3cc4cnn(C)c4cc3F)n2n1	0	0	0	0	0	1	1
C/C(=N\NC(N)=O)c1ccc2ncc(C(O)c3c(F)cc4ncccc4c3F)n2n1	0	0	0	0	0	1	1
C/C(=N\NC(N)=O)c1ccc2ncc(C(O)c3cc4cccnc4cc3F)n2n1	0	0	0	0	0	1	1
C/C(=N\NC(N)=O)c1ccc2ncc(C(O)c3ccc4ncccc4c3)n2n1	0	0	0	0	0	1	1
C/C(=N\NC(N)=O)c1ccc2ncc(Cc3c(F)cc4c(cnn4C)c3F)n2n1	0	0	0	0	0	1	1
C/C(=N\NC(N)=O)c1ccc2ncc(Cc3cc4cccnc4cc3F)n2n1	0	0	0	0	0	1	1
C/C(=N\NC(N)=O)c1ccc2ncc(Cc3ccc4c(cnn4C)c3)n2n1	0	0	0	0	0	1	1
C/C(=N\NC(N)=O)c1ccc2ncc(Cc3ccc4ncccc4c3)n2n1	0	0	0	0	0	1	1
C/C(=N\NC(N)=O)c1ccc2nnc(C(C)(C)c3ccc4ncccc4c3)n2n1	0	0	0	0	0	1	1
C/C(=N\NC(N)=O)c1ccc2nnc(C(C)c3c(F)cc4ncccc4c3F)n2n1	0	0	0	0	0	1	1
C/C(=N\NC(N)=O)c1ccc2nnc(C(F)(F)c3ccc4ncccc4c3)n2n1	0	0	0	0	0	1	1
C/C(=N\NC(N)=O)c1ccc2nnc(Cc3cc4cccnc4cc3F)n2n1	0	0	0	0	0	1	1
C/C(=N\NC(N)=O)c1ccc2nnc(Cc3ccc4ncccc4c3)n2n1	0	0	0	0	0	1	1
C/C(=N\NC(N)=O)c1cnc2ncc(Cc3ccc4ncccc4c3)n2n1	0	0	0	0	0	1	1
C/C(=N\NC(N)=O)c1cnc2nnn(Cc3cc4cccnc4cc3F)c2n1	0	0	0	0	0	1	1
C/C(=N\NC(N)=O)c1cnc2nnn(Cc3ccc4ncccc4c3)c2n1	0	0	0	0	0	1	1
C/C(=N\NC(N)=S)c1ccc2ncc(Cc3cc4cccnc4cc3F)n2n1	0	0	0	0	0	1	1
C/C(=N\NS(C)(=O)=O)c1ccc2ncc(Cc3cc4cccnc4cc3F)n2n1	0	0	0	0	0	1	1
C/C(=N\NS(C)(=O)=O)c1cnc2nnn(Cc3ccc4ncccc4c3)c2n1	0	0	0	0	0	1	1
C/C(=N\Nc1ncc(Cl)c(Nc2cccc(NC(=O)/C=C/CN(C)C)c2)n1)c1ccc(F)cc1	0	0	0	0	0	3	1
C/C(=N\Nc1ncc(Cl)c(Nc2cccc(NC(=O)/C=C/CN(C)C)c2)n1)c1ccc(F)cc1F	0	0	0	0	0	3	1
C/C(=N\Nc1ncc(Cl)c(Nc2cccc(NC(=O)/C=C/CN(C)C)c2)n1)c1ccccn1	0	0	0	0	0	3	1
C/C(=N\Nc1ncc(Cl)c(Nc2cccc(NC(=O)/C=C/CN(C)C)c2)n1)c1cccnc1	0	0	0	0	0	3	1
C/C(=N\O)c1ccc2[nH]c3c4c(c5c(c3c2c1)CNC5=O)-c1cn(C)nc1CC4	0	0	0	0	0	1	1
C/C(=N\O)c1ccc2nnc(Cc3ccc4ncccc4c3)n2n1	0	0	0	0	0	1	1
C/C(=N\O)c1ccc2nnc(Sc3ccc4ncc(CN5CCOCC5)cc4c3)n2c1	0	0	0	0	0	1	1
C/C(=N\O)c1ccc2nnc(Sc3ccc4ncc(N5CCOCC5)cc4c3)n2c1	0	0	0	0	0	1	1
C/C(=N\O)c1ccc2nnc(Sc3ccc4ncc(NC5CCOCC5)cc4c3)n2c1	0	0	0	0	0	1	1
C/C(=N\OC(C)(C)C)c1ccc2[nH]c3c4c(c5c(c3c2c1)CNC5=O)-c1cn(C)nc1CC4	0	0	0	0	0	1	1
C/C(=N\OC(C)(C)CO)c1cnc2nnn(Cc3cc4cccnc4cc3F)c2n1	0	0	0	0	0	1	1
C/C(=N\OC(C)(C)CO)c1cnc2nnn(Cc3ccc4ncccc4c3)c2n1	0	0	0	0	0	1	1
C/C(=N\OC(C)C)c1ccc2[nH]c3c4c(c5c(c3c2c1)CNC5=O)-c1cn(C)nc1CC4	0	0	0	0	0	1	1
C/C(=N\OC(C)C)c1ccc2c(c1)c1c3c(c4c(c1n2C(C)C)CCc1nn(C)cc1-4)C(=O)NC3	0	0	0	0	0	1	1
C/C(=N\OC(C)C)c1ccc2c(c1)c1c3c(c4c(c1n2CC(C)C)CCc1nn(C)cc1-4)C(=O)NC3	0	0	0	0	0	1	1
C/C(=N\OC(C)CO)c1ccc2nnc(Cc3ccc4ncccc4c3)n2n1	0	0	0	0	0	1	1
C/C(=N\OC(C)CO)c1cnc2nnn(Cc3ccc4ncccc4c3)c2n1	0	0	0	0	0	1	1
C/C(=N\OC(CO)CO)c1ccc2nnc(Cc3ccc4ncccc4c3)n2n1	0	0	0	0	0	1	1
C/C(=N\OC(CO)CO)c1cnc2nnn(Cc3ccc4ncccc4c3)c2n1	0	0	0	0	0	1	1
C/C(=N\OC(N)=O)c1ccc2nnc([C@@H](C)c3c(F)cc4ncccc4c3F)n2n1	2	0	1	0	1	1	1
C/C(=N\OC(N)=O)c1ccc2nnc([C@H](C)c3c(F)cc4ncccc4c3F)n2n1	1	1	0	1	0	1	1
C/C(=N\OC1CCNC1)c1cnc2nnn(Cc3ccc4ncccc4c3)c2n1	0	0	0	0	0	1	1
C/C(=N\OC1CCNCC1)c1cnc2nnn(Cc3ccc4ncccc4c3)c2n1	0	0	0	0	0	1	1
C/C(=N\OC1COC1)c1cnc2nnn(Cc3ccc4ncccc4c3)c2n1	0	0	0	0	0	1	1
C/C(=N\OCC(C)(C)O)c1cnc2nnn(Cc3cc4cccnc4cc3F)c2n1	0	0	0	0	0	1	1
C/C(=N\OCC(C)(C)O)c1cnc2nnn(Cc3ccc4ncccc4c3)c2n1	0	0	0	0	0	1	1
C/C(=N\OCC(C)C)c1ccc2c(c1)c1c3c(c4c(c1n2C(C)C)CCc1nn(C)cc1-4)C(=O)NC3	0	0	0	0	0	1	1
C/C(=N\OCC(C)C)c1ccc2c(c1)c1c3c(c4c(c1n2CC(C)C)CCc1nn(C)cc1-4)C(=O)NC3	0	0	0	0	0	1	1
C/C(=N\OCC(N)=O)c1ccc2nnc(Cc3ccc4ncccc4c3)n2n1	0	0	0	0	0	1	1
C/C(=N\OCC(N)=O)c1cnc2nnn(Cc3ccc4ncccc4c3)c2n1	0	0	0	0	0	1	1
C/C(=N\OCC(O)CO)c1cnc2nnn(Cc3ccc4ncccc4c3)c2n1	0	0	0	0	0	1	1
C/C(=N\OCC1CC1)c1ccc2nnc([C@@H](C)c3c(F)cc4ncccc4c3F)n2n1	2	0	1	0	1	1	1
C/C(=N\OCC1CC1)c1ccc2nnc([C@H](C)c3c(F)cc4ncccc4c3F)n2n1	1	1	0	1	0	1	1
C/C(=N\OCC1CCNCC1)c1cnc2nnn(Cc3ccc4ncccc4c3)c2n1	0	0	0	0	0	1	1
C/C(=N\OCCCCO)c1ccc2nnc(Cc3c(F)cc4ncccc4c3F)n2n1	0	0	0	0	0	1	1
C/C(=N\OCCCO)c1ccc2nnc(Cc3c(F)cc4ncccc4c3F)n2n1	0	0	0	0	0	1	1
C/C(=N\OCCF)c1ccc2nnc(Cc3c(F)cc4ncccc4c3F)n2n1	0	0	0	0	0	1	1
C/C(=N\OCCN)c1cnc2nnn(Cc3ccc4ncccc4c3)c2n1	0	0	0	0	0	1	1
C/C(=N\OCCO)c1cc(F)c2nnc(Sc3ccc4ncc(N5CC[C@H](N(C)C)C5)cc4c3)n2c1	1	1	0	1	0	1	1
C/C(=N\OCCO)c1ccc2ncc(C(C)c3c(F)cc4c(cnn4C)c3F)n2n1	0	0	0	0	0	1	1
C/C(=N\OCCO)c1ccc2ncc(C(C)c3cc4cnn(C)c4cc3F)n2n1	0	0	0	0	0	1	1
C/C(=N\OCCO)c1ccc2ncc(C(C)c3ccc4c(cnn4C)c3)n2n1	0	0	0	0	0	1	1
C/C(=N\OCCO)c1ccc2ncc(Cc3c(F)cc4c(cnn4C)c3F)n2n1	0	0	0	0	0	1	1
C/C(=N\OCCO)c1ccc2ncc(Cc3c(F)cc4ncccc4c3F)n2n1	0	0	0	0	0	1	1
C/C(=N\OCCO)c1ccc2ncc(Cc3cc4cccnc4cc3F)n2n1	0	0	0	0	0	1	1
C/C(=N\OCCO)c1ccc2ncc(Cc3cc4cnn(C)c4cc3F)n2n1	0	0	0	0	0	1	1
C/C(=N\OCCO)c1ccc2ncc(Cc3ccc4c(cnn4C)c3)n2n1	0	0	0	0	0	1	1
C/C(=N\OCCO)c1ccc2ncc([C@@H](C)c3cc4cccnc4cc3F)n2n1	2	0	1	0	1	1	1
C/C(=N\OCCO)c1ccc2ncc([C@H](C)c3c(F)cc4ncccc4c3F)n2n1	1	1	0	1	0	1	1
C/C(=N\OCCO)c1ccc2ncc([C@H](C)c3cc4cccnc4cc3F)n2n1	1	1	0	1	0	1	1
C/C(=N\OCCO)c1ccc2nnc(Cc3c(F)cc4ncccc4c3F)n2n1	0	0	0	0	0	1	1
C/C(=N\OCCO)c1ccc2nnc(Cc3ccc4ncc(N5CCN(C)CC5)cc4c3)n2n1	0	0	0	0	0	1	1
C/C(=N\OCCO)c1ccc2nnc(Cc3ccc4ncccc4c3F)n2n1	0	0	0	0	0	1	1
C/C(=N\OCCO)c1ccc2nnc(Sc3ccc4ncc(CN5CCOCC5)cc4c3)n2c1	0	0	0	0	0	1	1
C/C(=N\OCCO)c1ccc2nnc(Sc3ccc4ncc(N5CCN(C)CC5)cc4c3)n2c1	0	0	0	0	0	1	1
C/C(=N\OCCO)c1ccc2nnc(Sc3ccc4ncc(N5CCOCC5)cc4c3)n2c1	0	0	0	0	0	1	1
C/C(=N\OCCO)c1ccc2nnc([C@H](C)c3c(F)cc4ncccc4c3F)n2n1	1	1	0	1	0	1	1
C/C(=N\OCCO)c1ccc2nnc([C@H](C)c3cc4cccnc4cc3F)n2n1	1	1	0	1	0	1	1
C/C(=N\OCCO)c1cnc2ccc(Cn3nnc4ncc(/C(C)=N/OCCO)nc43)cc2c1	0	0	0	0	0	3	1
C/C(=N\OCCO)c1cnc2ncc(Cc3ccc4ncccc4c3)n2n1	0	0	0	0	0	1	1
C/C(=N\OCCO)c1cnc2nnc(C(C)c3c(F)cc4ncccc4c3F)n2n1	0	0	0	0	0	1	1
C/C(=N\OCCO)c1cnc2nnn(Cc3cc4cccnc4cc3F)c2n1	0	0	0	0	0	1	1
C/C(=N\OCCO)c1cnc2nnn(Cc3ccc4ncccc4c3)c2n1	0	0	0	0	0	1	1
C/C(=N\OCc1ccccc1)c1ccc2nnc(Cc3ccc4ncccc4c3)n2n1	0	0	0	0	0	1	1
C/C(=N\OCc1ccccc1)c1cnc2nnn(Cc3ccc4ncccc4c3)c2n1	0	0	0	0	0	1	1
C/C(=N\O[C@@H]1CCNC1)c1cnc2nnn(Cc3cc4cccnc4cc3F)c2n1	2	0	1	0	1	1	1
C/C(=N\O[C@H]1CCN(C(N)=O)C1)c1cnc2nnn(Cc3cc4cccnc4cc3F)c2n1	1	1	0	1	0	1	1
C/C(=N\Oc1ccccc1)c1ccc2nnc(Cc3ccc4ncccc4c3)n2n1	0	0	0	0	0	1	1
C/C(=N\n1cc(O)[nH]c1=O)c1ccc2ncc(Cc3cc4cccnc4cc3F)n2n1	0	0	0	0	0	1	1
C/C(=N\n1cc(O)[nH]c1=O)c1ccc2nnc(C(F)(F)c3ccc4ncccc4c3)n2n1	0	0	0	0	0	1	1
C/C(=N\n1cc(O)[nH]c1=O)c1ccc2nnc(Cc3ccc4ncccc4c3)n2n1	0	0	0	0	0	1	1
C/C(CC(=O)Nc1ccc(N(C)C)cc1)=N\NC(=O)c1ccncc1	0	0	0	0	0	1	1
C/C(COc1cn2ncnc(Oc3ccc(NC(=O)C4(C(=O)Nc5ccc(F)cc5)CC4)cc3F)c2c1C)=N/O	0	0	0	0	0	2	0
C/C(Cl)=C\CSc1nc2c(c(=O)[nH]c(=O)n2C)n1CC(O)CCc1ccccc1	0	0	0	0	0	1	1
C/C(NC1CCCC1)=C(/C#N)C(N)=O	0	0	0	0	0	2	0
C/C(Nc1ccc(F)cc1)=C(/C#N)C(N)=O	0	0	0	0	0	2	0
C/C(Nc1ccc(S(N)(=O)=O)cc1)=C1/C(=O)Nc2ccc(-c3cnco3)cc21	0	0	0	0	0	2	0
C/C(Nc1ccc(S(N)(=O)=O)cc1)=C1/C(=O)Nc2ccc(Cl)cc21	0	0	0	0	0	2	0
C/C(Nc1ccc(S(N)(=O)=O)cc1)=C1/C(=O)Nc2ccccc21	0	0	0	0	0	2	0
C/C(O)=C(\C#N)C(=O)Nc1cc(Br)ccc1Br	0	0	0	0	0	1	1
C/C(S)=N/[C@H]1CCCCNC(=O)[C@H]2CCCN2C(=O)[C@H](C(C)C)NC(=O)[C@@H](CC(N)=O)NC(=O)[C@H](C(C)C)NC(=O)[C@@H](Cc2ccc(OP(=O)(O)O)cc2)NC1=O	8	1	1	1	0	2	0
C/C1=C/C[C@H]2CNC(=O)c3cc([nH]c32)-c2cccc3nc(C)c(nc23)NC1	1	1	0	1	0	2	0
C/C1=C\C[C@H]2CNC(=O)c3cc([nH]c32)-c2cccc3nc(C)c(nc23)NC1	1	1	0	1	0	1	1
C/C1=C\[C@H](O)C[C@](C)(O)/C=C/[C@H](C(C)C)CC/C(C)=C/CC1	3	1	0	1	0	5	1
C/C1=C\[C@H](OC(=O)Nc2cc(C(F)(F)F)cc(C(F)(F)F)c2)C[C@](C)(O)/C=C/[C@H](C(C)C)CC/C(C)=C/CC1	3	1	0	1	0	5	1
C/C1=C\[C@H](OC(=O)Nc2cccc(Cl)c2)C[C@](C)(O)/C=C/[C@H](C(C)C)CC/C(C)=C/CC1	3	1	0	1	0	5	1
C/C=C(/C(=O)O[C@H]1C(C)=C[C@]23C(=O)[C@@H](C=C(CO)[C@@H](O)[C@]12O)[C@H]1[C@@H](C[C@H]3C)C1(C)C)c1ccccc1	11	1	1	1	0	2	0
C/C=C(/C)C(=O)O[C@@H]1CC(C)(C)C[C@H]2C3=CC[C@@H]4[C@@]5(C)CC[C@H](O)C(C)(C)[C@@H]5CC[C@@]4(C)[C@]3(C)CC[C@]21C(=O)O	14	1	1	0	1	2	0
C/C=C(/C)C(=O)O[C@H]1C(C)=C[C@]23C(=O)[C@@H](C=C(CO)[C@@H](O)[C@]12O)[C@H]1[C@@H](C[C@H]3C)C1(C)C	11	1	1	1	0	2	0
C/C=C(/C=O)[C@@H](C=O)CC(=O)OCCc1ccc(O)cc1	2	0	1	0	1	2	0
C/C=C(/C=O)[C@@H](CC=O)CC(=O)OCCc1ccc(O)cc1	2	0	1	0	1	2	0
C/C=C(\C#N)C(=O)N1CCC[C@@H](n2nc(C#CCOc3ccccc3)c3c(N)ncnc32)C1	2	0	1	0	1	1	1
C/C=C(\C)C(=O)Nc1cc2c(Nc3ccc(F)c(Cl)c3)ncnc2s1	0	0	0	0	0	1	1
C/C=C(\C)C(=O)Nc1nnc(-c2ccc(C(=O)O)cc2)s1	0	0	0	0	0	1	1
C/C=C(\C)C(=O)O[C@@H]1C2=C(C)C(=O)N[C@]2(O)C[C@@]2(C)O[C@@H]2CC[C@@]2(C)O[C@H]12	10	1	1	0	1	1	1
C/C=C(\C)C(=O)O[C@@H]1CC(C)(C)C[C@H]2C3=CC[C@@H]4[C@@]5(C)CC[C@H](OC(=O)/C=C/c6ccccc6)C(C)(C)[C@@H]5CC[C@@]4(C)[C@]3(C)CC[C@]21C(=O)O	14	1	1	0	1	3	1
C/C=C(\C)C(O[C@@H]1O[C@H](CO)[C@@H](O)[C@H](O)[C@H]1O)C(C)/C=C(C)/C=C/CC(C)/C=C/c1oc(OC)c(C)c(=O)c1C	7	1	1	0	1	6	1
C/C=C(\C)[C@H](O)[C@H](C)/C=C(C)/C=C/CC(C)/C=C/c1oc(OC)c(C)c(=O)c1C	2	1	0	1	0	6	1
C/C=C(\C)c1cc(Nc2nccc(C(F)(F)F)n2)cc(-c2cnc([C@@]3(O)CC[C@H](C(=O)O)C(C)(C)C3)s2)c1	3	1	1	0	1	1	1
C/C=C(\C)c1cn2c(-c3ccc(C(=O)NC4CC4)c(C)c3)cnc2c(NCCC(F)(F)F)n1	0	0	0	0	0	1	1
C/C=C(\C)c1cn2c(-c3ccc(C(=O)NC4CC4)cc3)cnc2c(NCC(C)C)n1	0	0	0	0	0	1	1
C/C=C/C(=O)C[C@H]1CC[C@H](C)[C@H](CC(=O)NC[C@H](O)[C@H](C)C(=O)NCCC[C@H]2O[C@@]3(CCC[C@H](CC[C@H](C)/C=C(\C)[C@H](C)O)O3)CC[C@@H]2C)O1	13	1	1	1	0	3	1
C/C=C/C(=O)Cc1ccc2ncnc(Nc3cccc(Br)c3)c2c1	0	0	0	0	0	2	0
C/C=C/C(=O)N(C)CCOc1c(N)ncnc1-c1cc(F)cc(NC(=O)c2ccc(C3CC3)cc2F)c1C	0	0	0	0	0	2	0
C/C=C/C(=O)N1CC2(CC(n3nc(-c4ccc(Oc5ccccc5)nc4)c4c(N)ncnc43)C2)C1	0	0	0	0	0	2	0
C/C=C/C(=O)N1CC=C(c2c[nH]c3ncnc(-c4cc(F)cc(NC(=O)c5ccc(C6CC6)cc5)c4C)c23)CC1	0	0	0	0	0	2	0
C/C=C/C(=O)N1CCC(CC#N)(n2cc(C(N)=O)c(Nc3ccccc3)n2)CC1	0	0	0	0	0	2	0
C/C=C/C(=O)N1CCC(c2cnn3c(C(N)=O)c(-c4ccc(Oc5ccccc5)cc4)[nH]c23)CC1	0	0	0	0	0	2	0
C/C=C/C(=O)N1CCCC(n2nc(-c3ccc(Oc4ccccc4)cc3)c3c(N)ncnc32)C1	0	0	0	0	0	2	0
C/C=C/C(=O)N1CCC[C@@H](Nc2ncnc3[nH]ccc23)C1	2	0	1	0	1	2	0
C/C=C/C(=O)N1CCN(c2ccc(C(F)(F)F)c(C3=C(c4c[nH]c5ccccc45)C(=O)NC3=O)c2)CC1	0	0	0	0	0	2	0
C/C=C/C(=O)N1CCc2[nH]c3c(C(N)=O)c(-c4ccc(Oc5ccccc5)cc4)nn3c2C1	0	0	0	0	0	2	0
C/C=C/C(=O)NCC(=O)Nc1cccc(-c2cc(Nc3ccc(N4CCOCC4)cc3)ncn2)c1	0	0	0	0	0	2	0
C/C=C/C(=O)NCC(=O)Nc1cccc(-c2cc(Nc3cnn(CCOC)c3)ncn2)c1	0	0	0	0	0	2	0
C/C=C/C(=O)NCCCN1CCC(CNC(=O)c2n[nH]c3ccc(OC)cc23)CC1	0	0	0	0	0	2	0
C/C=C/C(=O)NCCOc1cccc2[nH]c(-c3n[nH]c4cc(C(F)F)ccc34)cc12	0	0	0	0	0	2	0
C/C=C/C(=O)NCc1ccc(C(=O)Nc2ccc(C)c(Nc3nccc(-c4cccnc4)n3)c2)cc1	0	0	0	0	0	2	0
C/C=C/C(=O)Nc1cc2c(Nc3ccc(F)c(Cl)c3)c(C#N)cnc2cc1OCC	0	0	0	0	0	2	0
C/C=C/C(=O)Nc1cc2c(Nc3ccc(F)c(Cl)c3)ccnc2cc1CC	0	0	0	0	0	2	0
C/C=C/C(=O)Nc1cc2c(Nc3cccc(Br)c3)ncnc2cn1	0	0	0	0	0	2	0
C/C=C/C(=O)Nc1ccc(-c2cc(Nc3cnn(CCOC)c3)ncn2)cc1	0	0	0	0	0	2	0
C/C=C/C(=O)Nc1ccc(-c2ccnc(Nc3ccc(N4CCOCC4)cc3)n2)cc1	0	0	0	0	0	2	0
C/C=C/C(=O)Nc1ccc(-c2ccnc(Nc3cnn(CCOC)c3)n2)cc1	0	0	0	0	0	2	0
C/C=C/C(=O)Nc1ccc(CNc2cc(Nc3ccc(N4CCN(C)CC4)cc3)ncn2)cc1	0	0	0	0	0	2	0
C/C=C/C(=O)Nc1ccc(CNc2cc(Nc3ccc(N4CCOCC4)cc3)ncn2)cc1	0	0	0	0	0	2	0
C/C=C/C(=O)Nc1ccc(CNc2cc(Nc3cnn(C)c3)ncn2)cc1	0	0	0	0	0	2	0
C/C=C/C(=O)Nc1ccc2c(Nc3cccc(Br)c3)ncnc2c1	0	0	0	0	0	2	0
C/C=C/C(=O)Nc1cccc(-c2c(-c3ccccc3)oc3ncnc(N[C@H](CO)c4ccccc4)c23)c1	1	1	0	1	0	2	0
C/C=C/C(=O)Nc1cccc(-c2cc(Nc3ccc(N4CCOCC4)cc3)ncn2)c1	0	0	0	0	0	2	0
C/C=C/C(=O)Nc1cccc(-c2cc(Nc3cnn(CC(=O)NC)c3)ncn2)c1	0	0	0	0	0	2	0
C/C=C/C(=O)Nc1cccc(-c2cc(Nc3cnn(CCOC)c3)ncn2)c1	0	0	0	0	0	2	0
C/C=C/C(=O)Nc1cccc(-c2ccc(C(N)=O)c3[nH]c4c(c23)CCC(C(C)(C)O)C4)c1C	0	0	0	0	0	2	0
C/C=C/C(=O)Nc1cccc(-c2ccc(C(N)=O)c3[nH]c4cc(C(C)(C)O)ccc4c23)c1C	0	0	0	0	0	2	0
C/C=C/C(=O)Nc1cccc(-c2ccnc(Nc3ccc(N4CCOCC4)cc3)n2)c1	0	0	0	0	0	2	0
C/C=C/C(=O)Nc1cccc(-c2ncnc3[nH]cc(C(=O)OCC)c23)c1	0	0	0	0	0	2	0
C/C=C/C(=O)Nc1cccc(C(=O)c2ccc3c(/C=C/c4ccccn4)n[nH]c3c2)c1	0	0	0	0	0	4	0
C/C=C/C(=O)Nc1cccc(CNc2c(C(N)=O)cnn3cccc23)c1	0	0	0	0	0	2	0
C/C=C/C(=O)Nc1cccc(CNc2cc(Nc3ccc(N4CCN(C)CC4)cc3)ncn2)c1	0	0	0	0	0	2	0
C/C=C/C(=O)Nc1cccc(CNc2cc(Nc3cnn(C)c3)ncn2)c1	0	0	0	0	0	2	0
C/C=C/C1=CC2=C(CO1)C(=O)[C@]1(C)OC(=O)[C@H](C(O)CCCCC)C1C2	2	1	0	1	0	2	0
C/C=C/C=C/C(=O)Nc1ccc2c(c1)C[C@@H](CO)NC(=O)[C@H](C(C)C)N2C	3	1	1	0	1	3	0
C/C=C/S(=O)(=O)Nc1cccc(-c2ncnc3[nH]cc(C(=O)OCC)c23)c1	0	0	0	0	0	2	0
C/C=C/c1ccc(Nc2ncnc3cc(OCCCN4CCOCC4)c(OCCCN4CCOCC4)cc23)cc1	0	0	0	0	0	2	0
C/C=C/c1ccc2c(NC(=O)CCC)n[nH]c2c1	0	0	0	0	0	2	0
C/C=C/c1cn2c(-c3ccc(C(=O)NC4CC4)c(Cl)c3)cnc2c(NCC(C)(C)O)n1	0	0	0	0	0	2	0
C/C=C/c1cn2c(-c3ccc(C(=O)NC4CC4)c(Cl)c3)cnc2c(NCc2ccnn2C)n1	0	0	0	0	0	2	0
C/C=C/c1cn2c(-c3ccc(C(=O)NC4CC4)c(F)c3)cnc2c(NCC(C)(C)O)n1	0	0	0	0	0	2	0
C/C=C/c1cn2c(-c3ccc(C(=O)NC4CC4)c(F)c3)cnc2c(NCC(C)C)n1	0	0	0	0	0	2	0
C/C=C/c1cn2c(-c3ccc(C(=O)NC4CC4)c(F)c3)cnc2c(NCC2CCCO2)n1	0	0	0	0	0	2	0
C/C=C/c1cn2c(-c3ccc(C(=O)NC4CC4)c(F)c3)cnc2c(NCCC(F)(F)F)n1	0	0	0	0	0	2	0
C/C=C/c1cn2c(-c3ccc(C(=O)NC4CC4)c(F)c3)cnc2c(NCc2ccnn2C)n1	0	0	0	0	0	2	0
C/C=C/c1cn2c(-c3ccc(C(=O)NC4CC4)cc3)cnc2c(NCC(C)C)n1	0	0	0	0	0	2	0
C/C=C/c1cnn2c(N)cc(C3CCCNC3)nc12	0	0	0	0	0	2	0
C/C=C/c1n[nH]c2cc(NC(=O)N[C@H](C)c3ccccc3)ncc12	1	1	0	1	0	2	0
C/C=C/c1nc(C(=O)NCc2ccc(S(C)(=O)=O)cc2)cc(N)c1C#N	0	0	0	0	0	2	0
C/C=C1/CC(CO)(COC(=O)CC(C(C)C)C(C)C)OC1=O	0	0	0	0	0	2	0
C/C=C1/CN(C)CCc2ccc(Nc3ncc(Cl)c(Nc4ccccc4C(=O)NC)n3)cc21	0	0	0	0	0	2	0
C/C=C1\CN(C)CCc2ccc(Nc3ncc(Cl)c(Nc4ccccc4C(=O)NC)n3)cc21	0	0	0	0	0	1	1
C/C=C\C(=O)Nc1cc(Nc2nccc(-c3cn(C)c4ccccc34)n2)c(OC)cc1N(C)CCN(C)C	0	0	0	0	0	1	1
C/C=C\C(=O)Nc1ccc(NC(=O)Nc2ccc(-c3cc(C)nc4noc(N)c34)cc2)cc1	0	0	0	0	0	1	1
C/C=C\C(=O)Nc1ccc(NC(=O)Nc2ccc(-c3cc(C)nc4noc(N)c34)cc2)cc1C	0	0	0	0	0	1	1
C/C=C\C(=O)Nc1ccc2ncnc(Nc3cccc(Br)c3)c2c1	0	0	0	0	0	1	1
C/C=C\C(=O)Nc1cccc(-c2ncnc3[nH]cc(C(=O)OCC)c23)c1	0	0	0	0	0	1	1
C/C=C\C(=O)Nc1ccccc1Nc1cc(N(C)C(=O)Nc2c(Cl)c(OC)cc(OC)c2Cl)ncn1	0	0	0	0	0	1	1
C/N=C(\C(C=N)NC(=O)c1nc(-c2ccccc2F)sc1N)N1CC[C@@H](N)[C@H](F)CC1	3	1	1	0	1	1	1
C/N=C/C(=O)c1ccc(Cn2c(C)cc(OCc3ccc(F)cc3F)c(Br)c2=O)cc1	0	0	0	0	0	2	0
C/N=C/C(=O)c1cccc(Cn2c(C)cc(OCc3ccc(F)cc3F)c(Br)c2=O)c1	0	0	0	0	0	2	0
C/N=C/C(C(=N)CN)c1ccn2c(-c3cccc(NC(=O)NCC(F)(F)F)c3)cnc2c1	0	0	0	0	0	2	0
C/N=N/Nc1ccc2ncnc(N(C)c3ccccc3)c2c1	0	0	0	0	0	2	0
C/N=N/Nc1ccc2ncnc(NCc3ccccc3)c2c1	0	0	0	0	0	2	0
C/N=N/Nc1ccc2ncnc(Nc3cccc(Br)c3)c2c1	0	0	0	0	0	2	0
C/N=N/Nc1ccc2ncnc(Nc3cccc(C)c3)c2c1	0	0	0	0	0	2	0
C1=C(c2c[nH]c3ncnc(N4CCOCC4)c23)CCCO1	0	0	0	0	0	0	0
C1=C(c2c[nH]c3ncnc(N4CCOCC4)c23)COCC1	0	0	0	0	0	0	0
C1=C(c2cc3c(-c4cncc(NCc5ccccc5)n4)ccnc3[nH]2)CCNC1	0	0	0	0	0	0	0
C1=C(c2cc3c(cn2)ncc2ncn(-c4ccc5nc[nH]c5c4)c23)CCCC1	0	0	0	0	0	0	0
C1=C(c2ccc(Nc3ncc4c5ccncc5n(C5CCCC5)c4n3)nc2)CCNC1	0	0	0	0	0	0	0
C1=C(c2ccc(Nc3ncc4c5ccncc5n(C5CCCC5)c4n3)nn2)CCNC1	0	0	0	0	0	0	0
C1=C(c2ccc3[nH]nc(-c4cc(N5CCOCC5)ncn4)c3c2)CCNC1	0	0	0	0	0	0	0
C1=C(c2cnn3cc(-c4ccncc4)cnc23)CCC1	0	0	0	0	0	0	0
C1=C(c2n[nH]c3cnc(-c4cccnc4)cc23)CCC1	0	0	0	0	0	0	0
C1=C(c2n[nH]c3cnc(-c4cccnc4)cc23)CCCO1	0	0	0	0	0	0	0
C1=C/CN(C2CC2)Cc2cccc(c2)Nc2nccc(n2)-c2cccc(c2)OCC/1	0	0	0	0	0	2	0
C1=C/CN(CC2CC2)Cc2cccc(c2)Nc2nccc(n2)-c2cccc(c2)OCC/1	0	0	0	0	0	2	0
C1=C/CN(Cc2ccccn2)Cc2cccc(c2)Nc2nccc(n2)-c2cccc(c2)OCC/1	0	0	0	0	0	2	0
C1=C/CNc2cccc(c2)Nc2nccc(n2)-c2cccc(c2)OCC/1	0	0	0	0	0	2	0
C1=C/COCc2cc(ccc2OCCN2CCCC2)Nc2nccc(n2)-c2cc(co2)COC/1	0	0	0	0	0	2	0
C1=C/COCc2cc(ccc2OCCN2CCCC2)Nc2nccc(n2)-c2ccc(o2)COC/1	0	0	0	0	0	2	0
C1=C/COCc2cc(ccc2OCCN2CCCC2)Nc2nccc(n2)-c2ccc(s2)COC/1	0	0	0	0	0	2	0
C1=C/COCc2cc(ccc2OCCN2CCCC2)Nc2nccc(n2)-c2ccnc(c2)OCC/1	0	0	0	0	0	2	0
C1=C/COCc2cc(ccc2OCCN2CCCC2)Nc2nccc(n2)-c2cncc(c2)COC/1	0	0	0	0	0	2	0
C1=C/COCc2cc(ccc2OCCN2CCCC2)Nc2nccc(n2)-c2coc(c2)COC/1	0	0	0	0	0	2	0
C1=C/COCc2cc(ccc2OCCN2CCCC2)Nc2nccc(n2)-c2csc(c2)COC/1	0	0	0	0	0	2	0
C1=C/COCc2ccc(o2)-c2ccnc(n2)Nc2cccc(c2)COC/1	0	0	0	0	0	2	0
C1=C/COc2ccc(o2)-c2ccnc(n2)Nc2ccc(OCCN3CCCC3)c(c2)COC/1	0	0	0	0	0	2	0
C1=C/Cn2ccc3ccc(cc32)-c2ccnc(n2)Nc2cccc(c2)COC/1	0	0	0	0	0	2	0
C1=CC2=C(Cc3nnc(Cc4nc5ccccc5[nH]4)o3)CNC2C=C1	0	0	0	0	0	0	0
C1=CC2C(c3ccnc(Nc4ccccc4)n3)=C(c3ccccc3)NN2C=C1	0	0	0	0	0	0	0
C1=CC2C(c3ccnc(Nc4ccccc4)n3)=CNN2C=C1	0	0	0	0	0	0	0
C1=CCCOc2cccc(c2)-c2ccnc(n2)Nc2cccc(c2)OCC1	0	0	0	0	0	0	0
C1=CCN(c2ccc(Nc3ncc4c5ccncc5n(C5CCCC5)c4n3)nn2)CC1	0	0	0	0	0	0	0
C1=CCOCc2cc(ccc2N2CCOCC2)Nc2nccc(n2)-c2cccc(c2)COC1	0	0	0	0	0	0	0
C1=CCOCc2cc(ccc2OCCN2CCCC2)Nc2nccc(n2)-c2cccc(c2)COC1	0	0	0	0	0	0	0
C1=CCOCc2cc(ccc2OCCN2CCCCC2)Nc2nccc(n2)-c2cccc(c2)COC1	0	0	0	0	0	0	0
C1=CCOCc2cccc(c2)-c2ccnc(n2)Nc2cc(cc(OCCN3CCCC3)c2)COC1	0	0	0	0	0	0	0
C1=CCOCc2cccc(c2)-c2ccnc(n2)Nc2cc(cc(OCCN3CCOCC3)c2)COC1	0	0	0	0	0	0	0
C1=CCc2cc(Nc3ccnc4[nH]c5ccccc5c34)ccc2C1	0	0	0	0	0	0	0
C=C(/C=C/C=C(/CCC=C(C)C)COC(C)=O)[C@@H]1CC[C@]2([C@H](CCCO)/C(=C(/C)C=O)CC[C@]2(C)O)[C@@H]1O	7	1	1	0	1	5	0
C=C(Br)C(=O)Nc1cccc(-c2ncnc3[nH]cc(C(=O)OCC)c23)c1	0	0	0	0	0	0	0
C=C(C#N)C(=O)NCCOc1cccc(Nc2cc(-c3cc(F)cc(-n4ncc5c6c(sc5c4=O)CCCC6)c3CO)cn(C)c2=O)n1	0	0	0	0	0	0	0
C=C(C#N)C(=O)NCCOc1cccc(Nc2cc(-c3ccnc(N4CCn5c(cc6c5CC(C)(C)C6)C4=O)c3CO)cn(C)c2=O)n1	0	0	0	0	0	0	0
C=C(C#N)C(O)c1ccc(-c2cccc3nc(NC(=O)C4CC4)nn23)cc1	0	0	0	0	0	0	0
C=C(C)C(=O)Cc1cc2c(Nc3cccc(Br)c3)ncnc2cn1	0	0	0	0	0	0	0
C=C(C)C(=O)N1CCC[C@@H](n2nc(-c3ccc(Oc4ccc(F)cc4F)cc3)c(C(N)=O)c2N)C1	2	0	1	0	1	0	0
C=C(C)C(=O)N1CCc2ccc(-c3ncnc4[nH]cc(C(=O)OCC)c34)cc21	0	0	0	0	0	0	0
C=C(C)C(=O)Nc1cc(-c2ncnc3[nH]cc(C(=O)OC)c23)ccc1F	0	0	0	0	0	0	0
C=C(C)C(=O)Nc1cc(-c2ncnc3[nH]cc(C(=O)OCC)c23)c[nH]c1=O	0	0	0	0	0	0	0
C=C(C)C(=O)Nc1cc(-c2ncnc3[nH]cc(C(=O)OCC)c23)cc(OC)n1	0	0	0	0	0	0	0
C=C(C)C(=O)Nc1cc(-c2ncnc3[nH]cc(C(=O)OCC)c23)ccc1C#N	0	0	0	0	0	0	0
C=C(C)C(=O)Nc1cc(-c2ncnc3[nH]cc(C(=O)OCC)c23)ccc1CN(C)C	0	0	0	0	0	0	0
C=C(C)C(=O)Nc1cc(-c2ncnc3[nH]cc(C(=O)OCC)c23)ccc1Cl	0	0	0	0	0	0	0
C=C(C)C(=O)Nc1cc(-c2ncnc3[nH]cc(C(=O)OCC)c23)ccc1OC	0	0	0	0	0	0	0
C=C(C)C(=O)Nc1cc(-c2ncnc3[nH]cc(C(=O)OCC)c23)ccc1S(C)(=O)=O	0	0	0	0	0	0	0
C=C(C)C(=O)Nc1cc(-c2ncnc3[nH]cc(C(=O)OCC)c23)ccn1	0	0	0	0	0	0	0
C=C(C)C(=O)Nc1cc(-c2ncnc3[nH]cc(C(=O)OCC)c23)cn(C)c1=O	0	0	0	0	0	0	0
C=C(C)C(=O)Nc1cc(C)cc(-c2ncnc3[nH]cc(C(=O)OCC)c23)c1	0	0	0	0	0	0	0
C=C(C)C(=O)Nc1cc(F)cc(-c2ncnc3[nH]cc(C(=O)OCC)c23)c1	0	0	0	0	0	0	0
C=C(C)C(=O)Nc1cc2c(Nc3ccc(Br)cc3F)ncnc2cc1OCCNC(C)=O	0	0	0	0	0	0	0
C=C(C)C(=O)Nc1cc2c(Nc3ccc(F)c(Cl)c3)ncnc2cc1OCCCN1CCOCC1	0	0	0	0	0	0	0
C=C(C)C(=O)Nc1cc2c(Nc3cccc(Br)c3)ncnc2cn1	0	0	0	0	0	0	0
C=C(C)C(=O)Nc1ccc(F)c(-c2ncnc3[nH]cc(C(=O)OCC)c23)c1	0	0	0	0	0	0	0
C=C(C)C(=O)Nc1ccc2ncnc(Nc3cccc(Br)c3)c2c1	0	0	0	0	0	0	0
C=C(C)C(=O)Nc1cccc(-c2ccc(C(N)=O)c3[nH]c4c(c23)CCC(C(C)(C)O)C4)c1C	0	0	0	0	0	0	0
C=C(C)C(=O)Nc1cccc(-c2ncnc3[nH]cc(-c4ccc(C)cc4)c23)c1	0	0	0	0	0	0	0
C=C(C)C(=O)Nc1cccc(-c2ncnc3[nH]cc(-c4ccc(F)cc4)c23)c1	0	0	0	0	0	0	0
C=C(C)C(=O)Nc1cccc(-c2ncnc3[nH]cc(-c4cccc(F)c4)c23)c1	0	0	0	0	0	0	0
C=C(C)C(=O)Nc1cccc(-c2ncnc3[nH]cc(-c4cccc(F)c4Cl)c23)c1	0	0	0	0	0	0	0
C=C(C)C(=O)Nc1cccc(-c2ncnc3[nH]cc(-c4ccccc4F)c23)c1	0	0	0	0	0	0	0
C=C(C)C(=O)Nc1cccc(-c2ncnc3[nH]cc(-c4cccnc4)c23)c1	0	0	0	0	0	0	0
C=C(C)C(=O)Nc1cccc(-c2ncnc3[nH]cc(-c4cnc[nH]4)c23)c1	0	0	0	0	0	0	0
C=C(C)C(=O)Nc1cccc(-c2ncnc3[nH]cc(-c4cnco4)c23)c1	0	0	0	0	0	0	0
C=C(C)C(=O)Nc1cccc(-c2ncnc3[nH]cc(-c4ncco4)c23)c1	0	0	0	0	0	0	0
C=C(C)C(=O)Nc1cccc(-c2ncnc3[nH]cc(C(=O)OC)c23)c1	0	0	0	0	0	0	0
C=C(C)C(=O)Nc1cccc(-c2ncnc3[nH]cc(C4=CCOCC4)c23)c1	0	0	0	0	0	0	0
C=C(C)C(=O)Nc1cccc(-c2ncnc3[nH]cc(C4CCOCC4)c23)c1	0	0	0	0	0	0	0
C=C(C)C(=O)Nc1cccc(C2=NOC3(C2)C[C@@H](C(N)=O)N(C(=O)CC(c2ccccc2)c2ccccc2)C3)c1	2	0	1	0	1	0	0
C=C(C)C(=O)Nc1cccc(C2=NOC3(C2)C[C@@H](C(N)=O)N(C(=O)CCCCC)C3)c1	2	0	1	0	1	0	0
C=C(C)C(=O)Nc1cccc(C2=NOC3(C2)C[C@@H](C(N)=O)N(C(=O)c2ccc(Cl)cc2)C3)c1	2	0	1	0	1	0	0
C=C(C)C(=O)Nc1cccc(C2=NOC3(C2)C[C@H](C(N)=O)N(C(=O)/C=C/C)C3)c1	1	1	0	1	0	2	0
C=C(C)C(=O)Nc1cccc(C2=NOC3(C2)C[C@H](C(N)=O)N(C(=O)C(c2ccccc2)c2ccccc2)C3)c1	1	1	0	1	0	0	0
C=C(C)C(=O)Nc1cncc(-c2ncnc3[nH]cc(C(=O)OCC)c23)c1	0	0	0	0	0	0	0
C=C(C)C(=O)c1ccc(CCCCCCC)cc1	0	0	0	0	0	0	0
C=C(C)C(=O)n1ccc2ccc(-c3ncnc4[nH]cc(C(=O)OCC)c34)cc21	0	0	0	0	0	0	0
C=C(C)CN1CCN(c2c(Cl)cccc2NC(=O)c2ccc(Br)o2)CC1	0	0	0	0	0	0	0
C=C(C)CN1CCc2c(c(=O)oc3c(C=O)c(O)ccc23)C1	0	0	0	0	0	0	0
C=C(C)CNc1nc(C#CCO)cn2c(-c3ccc(-c4cnc(C5CC5)[nH]4)cc3)cnc12	0	0	0	0	0	0	0
C=C(C)COc1ccc(-c2nc(N)ncc2-c2ccc(OC)cc2)c(O)c1	0	0	0	0	0	0	0
C=C(C)COc1ccnc(-c2ccnc(Nc3ccc4[nH]c(C(=O)N5CCN(C)CC5)cc4c3)n2)c1	0	0	0	0	0	0	0
C=C(C)C[C@H]1[C@H]2c3c(Br)cccc3[C@H](CC2(C)C)N1Cc1cc(C)on1	3	1	0	1	0	0	0
C=C(C)[C@@H]1C/C=C(\C)C(=O)CCC2=C[C@@H]1OC2=O	4	0	1	0	1	1	1
C=C(C)[C@@H]1CC[C@]2(C(=O)O)CC[C@]3(C)[C@H](CC[C@@H]4[C@@]5(C)CC[C@H](OC(=O)CCC(=O)O)C(C)(C)[C@@H]5CC[C@]43C)[C@@H]12	15	1	1	0	1	0	0
C=C(C)[C@@H]1CC[C@]2(C(=O)O)CC[C@]3(C)[C@H](CC[C@@H]4[C@@]5(C)CC[C@H](OC(=O)c6ccccc6)C(C)(C)[C@@H]5CC[C@]43C)[C@@H]12	15	1	1	0	1	0	0
C=C(C)[C@@H]1CC[C@]2(C(=O)O)CC[C@]3(C)[C@H](CC[C@@H]4[C@@]5(C)CC[C@H](OS(=O)(=O)[O-])C(C)(C)[C@@H]5CC[C@]43C)[C@@H]12.[K+]	15	1	1	0	1	0	0
C=C(C)[C@H]1CCC(C)[C@@H](N(C)c2ncnc3[nH]ccc23)C1	3	1	1	1	0	0	0
C=C(C)[C@H]1CC[C@@H](C)[C@@H](N(C)c2ncnc3[nH]ccc23)C1	5	1	1	1	0	0	0
C=C(C)[C@H]1CC[C@@](C)(O)[C@@H](C2=C(O)C(CC=C(C)C)(CC=C(C)C)C(=O)C(C(=O)C(C)C)=C2O)C1	5	1	1	1	0	0	0
C=C(C)c1c(N)ncnc1N1CCC(c2nc(-c3ccc(F)c(C(F)(F)F)c3)cn2CCN(C)C)CC1	0	0	0	0	0	0	0
C=C(C)c1c(N)ncnc1N1CCC(c2nc(-c3ccc(F)c(C(F)(F)F)c3)cn2CCN2CCCC2)CC1	0	0	0	0	0	0	0
C=C(C)c1c(N)ncnc1N1CCC(c2nc(-c3ccc(F)c(C(F)(F)F)c3)cn2CCN2CCCCC2)CC1	0	0	0	0	0	0	0
C=C(C)c1cc(-c2cc(NC(=O)c3cccc(C(F)(F)F)c3)ccc2C)nc(N2CCOCC2)n1	0	0	0	0	0	0	0
C=C(C)c1cc(N2CCOCC2)nc(-c2cc(NC(=O)c3cccc(C(F)(F)F)c3)ccc2C)n1	0	0	0	0	0	0	0
C=C(C)c1cc(Nc2nccc(C(F)(F)F)n2)cc(-c2cnc([C@@]3(O)CC[C@H](C(=O)O)C(C)(C)C3)s2)c1	3	1	1	0	1	0	0
C=C(C)c1cc2c(=O)c3cc(C(=O)O)c(N)nc3oc2cc1F	0	0	0	0	0	0	0
C=C(C)c1cc2c(=O)c3cc(C(=O)O)c(N)nc3oc2cn1	0	0	0	0	0	0	0
C=C(C)c1ccc(-c2n[nH]c3cnc(-c4cccnc4)cc23)nc1N1CCC[C@H](N)C1	1	1	0	1	0	0	0
C=C(C)c1ccc(-c2n[nH]c3cnc(-c4cnn(CC)c4)cc23)nc1N1CCC[C@H](N)C1	1	1	0	1	0	0	0
C=C(C)c1ccc(C(=O)/N=c2\[nH]c3cc(N(C)C(=O)c4ccccc4)ccc3n2CCC(N)=O)s1	0	0	0	0	0	1	1
C=C(C)c1ccc(C(=O)Nc2cc(F)cc(-c3ncnc4[nH]c(C5=CCN(C(=O)N(C)C)CC5)cc34)c2C)cc1	0	0	0	0	0	0	0
C=C(C)c1ccc(NC(=O)c2ncc(C#N)[nH]2)c(C2=CCCCC2)c1	0	0	0	0	0	0	0
C=C(C)c1ccc2c(c1)c(=O)c(C(=O)Nc1ccc(Oc3ncnc4[nH]cc(-c5ccccc5)c34)c(F)c1)c(C)n2C	0	0	0	0	0	0	0
C=C(C)c1cn([C@H]2[C@@H](C)C[C@@H](c3ccncc3NC(=O)c3ccc(F)c(-c4c(F)cccc4F)n3)C[C@H]2N)nn1	6	1	1	1	0	0	0
C=C(C)c1cn2c(-c3ccc(C(=O)NC4CC4)cc3)cnc2c(NCC(C)C)n1	0	0	0	0	0	0	0
C=C(C)c1nn(C[C@H]2CC[C@H](O)CC2)c2nc(NC)ncc12	2	1	0	1	0	0	0
C=C(CC)C(=O)Nc1cccc(-c2ncnc3[nH]cc(C(=O)OCC)c23)c1	0	0	0	0	0	0	0
C=C(CC[C@@H](C)[C@H]1CC[C@H]2[C@H](CCc3cc(O)ccc3C)C(=O)CC[C@@]21C)C(C)C	7	1	1	0	1	0	0
C=C(CF)C(=O)Nc1cccc(-c2ncnc3[nH]cc(C(=O)OCC)c23)c1	0	0	0	0	0	0	0
C=C(CN(C)C)C(=O)N1CC(Oc2cc3c(Nc4ccc(F)c(Cl)c4F)ncnc3cc2OC)C1	0	0	0	0	0	0	0
C=C(CN(C)C)C(=O)N1CCC(n2cc(-c3cc4cc(C)cc(OC)c4s3)c3c(N)ncnc32)C1	0	0	0	0	0	0	0
C=C(CN(C)C)C(=O)Nc1cc2c(Nc3ccc(F)c(Cl)c3)c(C#N)cnc2cc1OCC	0	0	0	0	0	0	0
C=C(CN(C)C)C(=O)c1ccc(OCc2ccccc2)c(O)c1.Cl	0	0	0	0	0	0	0
C=C(CN(C)C)C(=O)c1ccc(OCc2ccccc2)cc1.Cl	0	0	0	0	0	0	0
C=C(CN(C)C)C(=O)c1ccc(OS(=O)(=O)c2ccc(C(=O)N(C)C)cc2)cc1.Cl	0	0	0	0	0	0	0
C=C(CN(C)C)C(=O)c1ccc(OS(=O)(=O)c2ccc(C(=O)O)c(O)c2)cc1	0	0	0	0	0	0	0
C=C(CN(C)C)C(=O)c1ccc(OS(=O)(=O)c2ccc(C(=O)O)cc2)cc1	0	0	0	0	0	0	0
C=C(CN(C)C)C(=O)c1ccccc1.Cl	0	0	0	0	0	0	0
C=C(CN1CCCCC1)C(=O)c1ccc(OCc2ccccc2)cc1.Cl	0	0	0	0	0	0	0
C=C(CN1CCNCC1)C(=O)c1ccc(OCc2ccccc2)cc1.Cl	0	0	0	0	0	0	0
